elliedvs,nasa,0
ffsgeorge,nasa,2
inthemane,nasa,1
deadlylallana,nasa,1
savageemily,nasa,8
iamphilipjoyce,nasa,8
zagary_mejia,nasa,2
kingakalecinska,nasa,1
katiemckenzieee,nasa,4
real_bratton,nasa,2
aimee_weir14,nasa,1
carahsassidy,nasa,0
camrynnoellee,nasa,0
franciscojayda,nasa,0
imnicolleochoa,nasa,0
lexitoootle,nasa,0
_jessiiiesmith,nasa,4
savannahbeadenk,nasa,2
tompaymaloryles,nasa,2
bfswproductions,nasa,2
vokkedup,nasa,0
becca_frend,nasa,2
pater429,nasa,4
danferher,nasa,0
bigdawgdavies,nasa,0
kaylawaterss,nasa,2
paigey_espe,nasa,2
_alyhernandez,nasa,2
jesselias05,nasa,1
kaleciaf,nasa,0
sloanealexander,nasa,2
aleks_burkus,nasa,1
groovyat,nasa,2
catherine_ava,nasa,1
eimearwinterss,nasa,2
sheepman_xd,nasa,0
chinesesmile105,nasa,0
johnthegypsy,nasa,0
skubusteve,nasa,3
ayekatyy,nasa,2
centristnet,nasa,13
rosieislameee,nasa,1
jameson_guidry,nasa,1
cammstride,nasa,7
cammstride,cassinisaturn,6
ursiclapp,nasa,2
bobbygergus,nasa,2
xsunnyolivia,nasa,7
phoebe_curtis1,nasa,1
phillytheboss,nasa,13
boho1899,nasa,1
tr1n4b34n,nasa,1
eeekks,nasa,2
kalish_man,nasa,1
dskisoccer17,nasa,1
aoife_doherty1,nasa,1
officialmarklaw,nasa,2
doctorchipotle,nasa,1
mr_ityc,nasa,0
_samhepworth,nasa,1
attackonbriana,nasa,2
jesiliczner,nasa,0
_matthewcooper_,nasa,2
endo_chank,nasa,20
maisaakhn,nasa,0
tripdeuceuno,nasa,4
johncashtro,nasa,1
fvckedyourhoe,nasa,0
blonde_sun_doll,nasa,0
__alegra_,nasa,0
michellerds_,nasa,1
jessylang10,nasa,0
talktothaliah,nasa,0
emily__eddy,nasa,1
holyhojbjerg,nasa,1
annajkozak,nasa,8
savvyridenour,nasa,0
boywonerelroy1,nasa,129
muddyvegas_,nasa,2
sarahsokay,nasa,2
saintified_,nasa,1
mckailie,nasa,0
morganavickery,nasa,0
only__yess,nasa,6
waynecheong,neiltyson,1
waynecheong,nasa,0
currentnews_en,nasa,8
worldnewsj,nasa,16
jolandagreve,nasa,2
avary_gunsallus,nasa,2
kiii555,nasa,1
tauva101,nasa,35
tauva101,spacex,28
putaceloso,nasa,0
yeahimatree,nasa,0
katieeemaeee__,nasa,0
roarkfineart,nasa,14
isaacmarron,nasa,3
isaacmarron,space_station,2
borjardriguez,nasa,1
robbiereckd,nasa,1
alexandra_7,nasa,2
latvianvideoslv,nasa,0
shimmermcpe,nasa,0
uncalming,nasa,1
anas_is_in,nasa,1
mahnxr,nasa,1
itschrispine,nasa,0
davidplatten,nasa,5
sararamirez,nasa,165
tobinmd1964,nasa,37
idolisedun,nasa,1
zuluagamariana1,nasa,0
ritsybits,nasa,2
b2daitch,nasa,5
amidignan,nasa,0
samrobinson97,nasa,0
beckyhxmmo,nasa,4
cody_gary,nasa,1
kid604,nasa,100
kevyngessner,nasa,2
princessduck,nasa,3
heathhamb,nasa,5
fr33_w0rld,nasa,15
keaganmilitante,nasa,2
emmav_og,nasa,2
wetigersss,nasa,1
mollykthomas,nasa,4
richardtdevane2,marscuriosity,4
thunderyoyster,nasa,1
zoeeefish,nasa,0
darkpreacher99,nasa,0
diordadd,nasa,2
twatterfull,nasa,30
mae_oxo,nasa,2
_sarahreeves,nasa,1
ambiibambi24,nasa,0
503carlo,nasa,0
rileyhogue,nasa,3
rosebrown1616,nasa,2
tizzivee,nasa,0
shelbseliz,nasa,4
mcgeezyfbaby,nasa,4
angiep1994,nasa,4
tippotate,nasa,4
ramsettpark,nasa,0
kaddess_,nasa,1
ashlynhojsak,nasa,2
nettanini,nasa,1
gimmiethestick,nasa,1
jessicanatiel,nasa,0
sammruger,nasa,2
rissriss__,nasa,1
calibitcoin,nasa,5
oceaniaknows,nasa,1
thatspacelava,nasa,1
tanja_girl,nasa,1
sumthingmessy,nasa,10
ultijaebum,nasa,0
carolynmcfish1,nasa,1
adhdengineer,nasa,2
abbaadamufan,nasa,10
l0ttyy,nasa,0
grace_rhiannon,nasa,0
goin5hole,nasa,12
nancycollister1,esaoperations,33
nancycollister1,esa_rosetta,25
nancycollister1,philae2014,23
astrobotslut,nasa,1
davetonner,nasa,1
jonny_chaos,nasa,2
heatherwassing,nasa,1
rupertmissickjr,nasa,14
jpetme,nasa,1
marriottlibrary,nasa,11
christophergfx,nasa,41
chloemageex,nasa,1
mode23,nasa,170
jooordanstevens,nasa,0
joydrizzy,nasa,7
unchxrmed,nasa,0
grt8ness2017,nasa,74
grt8ness2017,space_station,24
paupausaints,nasa,0
3carryonitems,nasa,12
sarahxsmo,nasa,4
leaving_notice,nasa,0
the__bear__jew,nasa,19
destrhope,nasa,0
jay_fezz,nasa,4
marshalljm,nasa,1
korillz,neiltyson,8
korillz,nasa,9
manuki16,nasa,4
trophysws,nasa,0
queenscorpion9,nasa,0
mariah_lee98,nasa,0
silviamelange,nasa,0
yaneri11,nasa,2
bookkworm,nasa,15
emilytimmsss,nasa,2
shylasarabando,nasa,1
sarahetsy,nasa,1
matterssomehow,nasa,19
aliasbluebird,nasa,3
fiyaakiyaa,nasa,2
mrjamesnoble,nasa,12
snake354,nasa,0
majesticwizardy,nasa,4
mykingtetsu,nasa,0
alhimself,nasa,9
hunt_chance,nasa,2
ellie_robs13,nasa,1
stevesveale,nasa,1
ricardoortiz50,setiinstitute,1
ricardoortiz50,nasa,4
buddrud,nasa,1
k_luhhhx,nasa,1
ivhunsinger,nasa,1
hippiebookkeep,nasa,11
stevesgoddard,nasa,107
joshwillgray,nasa,1
lizdotfern,nasa,0
brendandegnan,nasa,1
georgewalterxx,nasa,0
andrewmyrvold,nasa,1
ameliaaakayy,nasa,1
adiehowarthh,nasa,1
shansdoe,nasa,3
helene0709,nasa,2
hlawless_x,nasa,0
stephiegilley,nasa,105
keira_scahill,nasa,1
riezaapr,nasa,6
tconspiracyguys,nasa,22
rexriot215,nasa,2
thefatgirlslife,nasa,0
emocirclejerk,nasa,1
manzanitafire,nasa,17
dadamthegreat,nasa,6
jennieknapper,nasa,0
lawr_and_syl,nasa,0
codyjayp,nasa,1
heathenasu,nasa,6
tywahu,nasa,5
morgancummmins,nasa,5
e_dyc,nasa,0
babyidiotjerk,nasa,2
temporarypony,nasa,0
novarff,neiltyson,10
novarff,nasa,15
novarff,astro_reid,5
skinnypimp_,nasa,1
guiltyjoseph,nasa,2
kaitlinbruce23,nasa,1
freyugh,nasa,4
danaelizabeth69,astroterry,4
danaelizabeth69,nasa,26
alexxx_0817,nasa,0
diventareadesso,nasa,3
peggyschxyler,nasa,2
brookemcgarvin,nasa,2
_charlottee_s,nasa,3
fulmetaltiger57,nasa,1
mbsevans,nasa,69
rimmediou,nasa,3
margofaulkner,nasa,2
frazzledjazz,nasa,35
savageprinc3ss,nasa,1
dammndolan,nasa,0
sara_hammonds,nasa,0
wentzofficial,nasa,0
in4ab8tin,nasa,3
_xogoddess_,nasa,0
nataliemfarias,nasa,0
headass_tx,nasa,1
bouquetofskulls,nasa,2
mgliksmanmdphd,nasa,124
spacekid51,nasa,1
wtfjessielynn,nasa,0
emilliaa,nasa,0
seidyxm,nasa,2
laurennschh,nasa,0
emmaboppidybop,nasa,0
c_anthony191,nasa,0
abigailhartxo,nasa,1
givingtree223,nasa,7
freefallfx,nasa,2
alexcorp_,nasa,0
starzara3,nasa,0
shizayaz,nasa,0
yungwjll,nasa,2
pajtasg,nasa,0
socali_km,nasa,1
cheyenne_nale,nasa,1
idioticmidget,nasa,0
comicsdougout,nasa,2
mercuraz,nasa,0
grahamt11,nasa,0
kingtomlnson,nasa,1
fayebuckley9,nasa,0
dinoplop,nasa,2
alexjrhodes,nasa,1
claudiafabeni,nasa,3
yellowfinesse,nasa,1
rowan_frey,nasa,1
leah_ferg12,nasa,0
_derping_irwin_,nasa,3
siighko,nasa,8
kas_1979,nasa,3
arisaarelainen,nasa,10
joshcldr,nasa,0
willowfthes,nasa,1
russplfc,nasajpl,0
forevansakes,nasa,0
nenanextdoor,nasa,3
santiagoalba_,nasa,1
ikelliegold,nasa,0
ccharliebee,nasa,2
cinnamonbyte,nasa,10
effinglibrarian,nasa,5
jonnniiirenee,nasa,0
alexisfaltz,nasa,1
pabloncej,nasa,2
markese_j,nasa,2
jacobvalencia21,nasa,0
clairepees_,nasa,4
williamlads,nasa,0
triwzard,nasa,2
waluigidabest,nasa,2
babybob2121,nasa,4
dereksweetwater,nasa,3
adrienbenson,nasa,3
mtppocahotass,nasa,1
yolousup,nasa,1
nelldollbell,nasa,2
name47z,nasa,15
spookyrituals,nasa,2
inbredhybrid,nasa,13
juststaninhope,nasa,0
sleepythejoker,nasa,4
keishwer,nasa,0
aaronflynn96,nasa,0
pablodiablo94,nasa,5
jacobthomas3_,nasa,0
misselliegray,nasa,0
loopjohnb,nasa,2
thereehlthing,nasa,2
whoisnickchaff,nasa,0
airellababyy,nasa,1
stonyindacut,nasa,1
nicksearlegeo8,nasa,2
_money19,nasa,0
jaaaafeel,nasa,0
thotheancient,nasa,3
trulyxbeauty,nasa,0
n8than5,nasa,8
_alexandra666,nasa,2
ohsnapitzarlene,nasa,1
merchew,nasa,2
juicyjaceyy,nasa,4
camillealthen,nasa,0
ufo_slut,nasa,1
fresh_615,nasa,0
nataliekate33,nasa,1
thereal2red,nasa,33
itscurtmcgurt,nasa,0
omixey,nasa,0
ry_best,nasa,0
dizzeeclizzy,nasa,1
eyeopen81359400,nasa,5
delanee_skye,nasa,0
thevictorianyc,nasa,0
macepts,nasa,0
teeeemz,nasa,1
queenn,nasa,7
triidant,nasa,1
gardenofganja,nasa,2
bzoda15,nasa,3
austinsizzles,nasa,3
sinners966,nasa,5
hsmitty3,nasa,7
heavymimilover,nasa,6
tevgvn,nasa,1
lightbrand33,nasa,0
indyg8s,nasa,0
nicoleej0hnson,nasa,1
toraxsmpl,nasa,1
g_eorg_i,nasa,7
tarakiyee,nasa,15
jordan_jjj,nasa,2
justmejustina,nasa,2
oliviapiro,nasa,1
realdavidshelly,nasa,2
kybunks,nasa,3
icosmos10,nasa,2
maddierach,nasa,2
cam_abhab,nasa,1
jaymoreee,nasa,1
mas0nnnn,nasa,0
ozcastillo31,nasa,0
ehrenkassam,nasa,10
akadarkskinpapi,nasa,1
trashstiel,nasa,0
marioc7_,nasa,1
johnnysenpapi,nasa,0
kids_again,nasa,0
vleon16,nasa,0
hnkthln,nasa,1
universe_joey,nasa,1
wallbreaker1818,nasa,0
astralnautbsamp,nasa,1
serenitycortez_,nasa,0
brian_flack,nasa,1
calvincooly,nasa,0
trenationnn,nasa,2
tchav17,nasa,1
thenamebeaugie,nasa,0
smuttydolan,nasa,0
insane_wallace,nasa,2
zakcircuits,nasa,4
zakcircuits,nasa_orion,2
nancyyttran,nasa,1
kenzie2289,nasa,7
jdiamondisme,nasa,23
harkynkunmy,nasa,4
trevormoran,nasa,330
sburns0406,nasa,3
oralwithricky,nasa,3
tylerr2rs,nasa,2
boobearcaylen,nasa,5
tylerscactuss,nasa,4
mango_gab,nasa,23
shinyyjacks,nasa,1
alexandrapetlov,nasa,8
moran_slayer,nasa,11
lalawlorff,nasa,7
mxlory,nasa,1
jblover12223,nasa,4
gregermeisterrr,nasa,1
mintsivan,nasa,3
natalybtw,nasa,1
caitiemary02,nasa,1
belovedgraceffa,nasa,1
sleepykitty_,nasa,0
harleiarenn,nasa,2
savagedarkskin7,nasa,1
slyshotty,nasa,1
_sarahfay_,nasa,4
pfleming13,nasa,1
bri_jolie,nasa,0
themoderncage,nasa,1
francklegunner,nasa,4
bogchon,nasa,1
perrinbrunet,nasa,1
k_wright6,nasa,1
evelyn_evans21,nasa,2
readandjeep,nasa,3
rvrb_,nasa,2
derp696,nasa,5
luke_hemmburger,nasa,0
sequoiasss,nasa,0
greedygray,nasa,0
caitlynsmith24,nasa,0
chelsiewithac,nasa,0
100s_of_fandoms,nasa,1
oreaux_,nasa,1
hallie_page,nasa,0
niceguy504,nasa,8
cubillo_,nasa,1
jessegilbert,nasa,7
rosslyndmc,nasa,6
mintchmla,nasa,0
labhaoiselesiog,nasa,16
yungsquidkid,nasa,1
bentley_holley,nasa,2
br00kearnold,nasa,0
carringtoncash,nasa,0
alexischewy,nasa,6
try_and_guess,nasa,0
dakotaswan7,nasa,1
lifesamitch97,nasa,2
angeloboggiox,nasa,1
radcouch,nasa,2
brooklyn_bug,nasa,1
apexidee,nasa,0
dollasforpoetry,nasa,4
giselle_nieblas,nasa,0
cameronng24,nasa,3
angelmastr,nasa,0
maxontweet,nasa,40
tluckeroth,nasa,1
heally_,nasa,1
thisisbrookeb,nasa,8
catandthemoon92,nasa,1
oddunicornio04,nasa,1
kazadilla,nasa,1
theorangeorphan,nasa,1
nina_aversa,nasa,2
c_o_t_u_e,nasa,21
ohhh_neptune,nasa,2
lrfbaratz,nasa,3
messywriter_,nasa,0
iam_vanwild3r,nasa,6
gigi_3723,nasa,1
falsebaidwin,nasa,0
biancaaddison,nasa,3
juklinn,nasa,2
ace_is_dead,nasa,2
jj_pardini,nasa,1
sammydodgerocks,nasa,3
lordlin_,nasa,0
laughat_mylife,nasa,0
saintskeleton,nasa,1
shivermydear,nasa,1
chuckyoutwo,nasa,1
chuckyoutwo,neiltyson,2
janisse_chris,nasa,2
raecanty,nasa,11
lizcudi,nasa,2
sonatinahaze,nasa,0
sunnyybunny,nasa,1
champthisguyls,nasa,1
rachel_steichen,nasa,1
antiezelle,nasa,0
reckless_renzo,nasa,4
rufiosonfire,nasa,1
simplesed,nasa,0
elihudsvn,nasa,0
einnxre,nasa,2
nemo42_za,nasa,2
banditsboy1130,nasa,1
madibetty,nasa,0
aestheticangel_,nasa,1
kawaikacti,nasa,4
sieeked,nasa,6
karkinpus13,nasa,0
marziemfer,nasa,0
imyourmanwhore,nasa,1
jtrochezzz2,nasa,1
wewantprenups,nasa,1
haleycurrie,nasa,3
tombutts,nasa,16
lindsdistefano,nasa,1
djsmoothnuts,nasa,3
mayanash17,nasa,1
_aubsnic,nasa,0
unklebing,nasa,0
daniellekrivex,nasa,1
arobertson28,nasa,4
messissav,nasa,2
morganlindaj,nasa,0
satiricalmuse,nasa,12
satiricalmuse,nasajpl,2
tulsipatel_,nasa,0
juliasmith1121,nasa,1
daiaigoat,nasa,1
mariahmcds7,nasa,0
ttlydolans,nasa,0
daujahboo1,nasa,2
blueavebabe,nasa,2
genereuse2015,nasa,3
teamsuper_nz,nasa,12
monkeymafia1668,nasa,54
onlinetyier,nasa,3
renad_a_a,nasa,3
cutetotheheart,nasa,5
weiryn,nasa,2
riverajaime,nasa,0
ohmycelestie,nasa,3
ynh___,nasa,2
tattoodillon,nasa,2
uranussideways,nasa,20
herbalyfe,nasa,0
haaaaileyyy,nasa,1
bocaniam,nasa,1
daslaz,nasa,0
uitjiminie,nasa,2
brenanasplit,nasa,0
jchavez_,nasa,0
nonchalantguy_,nasa,2
latino_lion52,nasa,1
crowbarpwr,nasa,48
willweil,nasa,0
graciosaaa_,nasa,1
zoerab1,nasa,1
moneymach_,nasa,0
pistol_p3ter,nasa,3
ruchifruitwala,nasa,4
__cocoooo,nasa,2
mephype93,nasa,72
cod2legendbeast,nasa,0
sinisterservant,nasa,3
joetheatheist,nasa,61
elisabethtooker,nasa,4
njhlads,nasa,7
lillyszquad,nasa,5
trappedinchaos,nasa,10
anum_bagel,nasa,1
dm_ra3,nasa,0
stonecold_jet,nasa,2
kevinbethune,nasa,27
kevinbethune,nasajpl,9
iamkingwize,nasa,10
fuckuli,nasa,0
typical_but_odd,nasa,0
rosethorp,nasa,1
maryheston,nasa,48
darthkarennn,nasa,2
vobinraldez,nasa,2
haydenscroggins,nasa,1
gawbymoon,nasa,0
elrisitasforte,nasa,0
el_cristiano5,nasa,2
jr_4four,nasa,4
ruggrossorlando,nasa,7
the_codeine_kid,nasa,17
sheyleneh,nasa,0
p_dasher,nasa,1
mmboltz,nasa,2
ham_man13,nasa,0
cursingpolice,nasa,0
stolen_affinity,nasa,1
neboheightsmom,nasa,1
lloydlyndsay,nasa,2
adigamotv,nasa,0
itsnovap,nasa,9
micapughhhh_,nasa,0
jp_landolfi,nasa,5
_ianfrancis,nasa,3
itskingkumar,nasa,0
kashiakatelenn,nasa,0
harrykinga,nasa,0
katnisseverweed,nasa,0
high_life_joe,nasa,0
_aaaaaari,nasa,2
kveeezy,nasa,1
alivommaro,nasa,3
gazared305,nasa,5
jimmywanner,nasa,0
emily_malkowski,nasa,4
iamcarolinaking,nasa,1
elenaduong,nasa,2
_sknydanny,nasa,0
kuson_2_14,nasa,0
msdj72,nasa,3
msdj72,space_station,1
broke_beautiful,nasa,5
radzz999,nasa,4
ultmarktuna,nasa,0
orianacrosales,nasa,1
janalfunstyyry,nasa,5
janalfunstyyry,space_station,2
elkayy13,nasa,1
stephlovaaa_,nasa,1
drtydza,nasa,2
thelunarfather,nasa,4
compazavala,nasa,0
caiticam,nasa,1
richierich3rd,nasa,0
anaaep,nasa,0
articlemkultra,nasa,0
nm_c07,nasa,12
franzbeaponce,nasa,5
redmetcalfe,nasa,9
beccaarana,nasa,1
travelnlivelife,nasa,0
ctkennedy25,nasa,0
mel_kittykatt,nasa,1
boubounokefalos,nasa,0
geckorhombus,nasa,5
katechadwick5,nasa,0
superemmachan,nasa,1
notorioushjb,nasa,0
themarckoguy,nasa,10
belladestiny99,nasa,0
afr0jill,nasa,1
amber_ward_,nasa,1
freebyrd55,nasa,5
themostmitsos,nasa,80
blaiseceegee,nasa,3
imcoopershields,nasa,2
mrgnmcnl_,nasa,2
larkin10louise,nasa,8
turing_police,nasa,2
hamiltonbreakme,nasa,1
nancycollister1,nasa,37
jonginng,nasa,0
ayesh_sk,nasa,1
oliviavavin,nasa,4
commanderxlexa,nasa,5
ohhnico_,nasa,0
thedylanparker,nasa,0
nadzran_hafiy13,nasa,4
jerrmeehan,nasa,19
ischern,nasa,2
riceboyrey,nasa,0
khephrithoth,nasa,6
evazquez8520,nasa,1
jessicamarzipan,nasa,70
melanin_made,nasa,0
ang_romano,nasa,0
tobiovevo,nasa,1
tim_radio,nasa,2
writerkarlaf,nasa,2
paigeshoe13,nasa,1
reneewebs,upulie,53
reneewebs,nasa,97
despanno,nasa,0
noriaz91,nasa,1
smenor,astrokatie,31
smenor,catherineq,25
smenor,nasa,41
millafecke,nasa,0
madkbrew,nasa,27
_aroomba,nasa,7
kellylord1569,nasa,0
mcbrizzle_,nasa,1
pytbby,nasa,0
kry5t41,nasa,5
francessldb,nasa,1
annasather,nasa,2
theoooooooooo,nasa,2
katewetherlock,nasa,5
katewetherlock,space_station,5
jessieeeeb_,nasa,0
tj_xm,nasa,3
martian_garden,nasa,200
martian_garden,spacex,191
wintxersoldier,nasa,2
d_teck,nasa,5
johnnypappas,nasa,21
k_kkadie_bugg,nasa,2
ninadubzzz,nasa,3
dylanacop,nasa,7
nickosjtm,nasa,2
pigeonpriest,nasa,1
ihatethemedia,nasa,26
jackh_official,nasa,0
handofbarnes,nasa,0
jragga,nasa,10
wayfarersprayer,nasa,6
baileyskinner1,nasa,0
norrrr_,nasa,1
okingkong1,nasa,0
youngjedifresh,nasa,9
thatbitchkonrad,nasa,0
samhenryjohnson,nasa,1
j_dragonkin,nasa,5
utah_getme_2,nasa,3
squints92,nasa,0
hailbuddha,nasa,0
jrbeardcrew,nasa,0
glowprincxss,nasa,8
pinoe77,nasa,0
moving20,badastronomer,13
kaptainkramer23,nasa,1
leblancstartup,nasa,7
brittanymacdon,nasa,0
dank_mit,nasa,20
br3annak,nasa,1
broadstreetbosh,nasa,2
laurenaharder,nasa,1
johnajaoude,nasa,2
skyla_rose_32,nasa,0
treelijahblvd,nasa,0
jaybeedubbau,nasa,1
armando22leosun,nasa,0
heysarahxox,nasa,1
haileyrade,nasa,5
mobydick1738,neiltyson,10
mobydick1738,nasa,19
ibtehalhussein,nasa,38
myahtbh,nasa,0
carmennli,nasa,1
miss_euphoric88,nasa,1
charliepoet,nasa,77
9_scorp,nasa,38
aureajenelle,nasa,2
__dessxo,nasa,2
jakegunst,nasa,5
marie__cutie,nasa,21
cheyforbes,nasa,15
dmufc58,nasa,0
bruinsscience,nasa,4
jgarcein,nasajuno,0
not_coyotic,badastronomer,0
alyssa_kubiak,nasa,3
willoftheatheis,nasa,1
gaikwadvishalr,nasa,0
zelfthezolf,nasa,1
fuzepsd,nasa,3
cawwwtney,nasa,4
tivikareed,nasa,6
submarinorojo,nasa,0
erma_geddon,nasa,0
feddjord,nasa,0
spinnerbuckle,nasa,1
artgarfunkle,nasa,3
misterburk3,nasa,0
sparks30303,nasa,24
78d185fdc3bd4c1,nasa,0
gomhar,nasa,6
jamila_v,nasa,11
illus10nz,nasa,0
carolcotb,nasa,1
_kiebooms,nasa,3
keatonrey,nasa,9
raz_ma_tazzzz,nasa,2
embraceape,nasa,14
eloanmusk,nasa,3
coryrichards83,nasa,1
azerrah,nasa,0
bibicheret,nasa,17
cessnadriver172,astro_mike,3
cessnadriver172,nasa,4
chrisisnorml,spacex,3
chrisisnorml,nasa,3
quastar2011,nasa,20
sagesera,spacex,9
sagesera,nasa,11
casxvii,nasa,21
uf0freak,nasa,4
bga19h,nasa,0
arielofficial,nasa,4
mischiefmags,nasa,10
almaasoglu,spacex,2
laurrmoran,nasa,1
blurukus,nasa,0
jadalynp,nasa,1
macksboo,nasa,2
sequoiathetree,nasa,4
blondecrkhead,nasa,4
itsdisko,nasa,4
kayenne22,nasa,32
texas_kayak,nasa,1
nondairygary,nasa,0
camjam_andjelly,nasa,0
msmollybnorth,nasa,3
lent_ava,nasa,0
temperance206,nasa,11
fandomsandhoran,nasa,2
garrywhoever,nasa,6
old_ag_91,nasa,3
nikollets,nasa,0
_david_harden_,nasa,1
majorluzer,nasa,2
brookecarneyyy,nasa,0
_m0ha,nasa,3
artislove,nasa,0
caliibeau,nasa,0
shot1of1whiskey,nasa,0
giasoriano_,nasa,0
andrewinaustin,nasa,16
ptabbiner,nasa,15
txkahashi,nasa,4
revertart,nasa,2
sarah_byham,nasa,1
tallbarry,nasa,0
sydneyvvvv,nasa,2
fancyshitbro,nasa,0
antoniskazou,nasa,10
antoniskazou,marscuriosity,8
nickjdenton,nasa,2
nickjdenton,marscuriosity,2
_emily_0331,nasa,0
pcs1776,nasa,4
caitlinkurvink,nasa,3
tlsmith625,nasa,0
ghosttgalaxy,nasa,2
coltinayres,nasa,1
prblematicpeach,nasa,4
uslawreview,nasa,45
brianrrs37,neiltyson,17
brianrrs37,nasa,26
yosari_,nasa,0
mrmagonegro,nasa,1
wafflekingdavy,nasa,9
harvest_wind,marscuriosity,22
harvest_wind,nasakennedy,20
harvest_wind,nasa,25
harvest_wind,nasajpl,21
flatearthcity,nasa,126
yigitispir,nasa,34
idfcmoran,nasa,16
andypalooza,nasa,27
andypalooza,nasa_orion,5
robbycruz7,nasa,1
toffeealmondd,nasa,1
pod_panik,nasa,5
peruwiadomo,nasa,1
chillvibes_420,nasa,1
waleedlabhi,nasa,16
deefa45,nasa,16
non_believer001,nasa,4
non_believer001,esa_rosetta,2
jkildren625,marscuriosity,22
poppylee53152,nasa,41
poppylee53152,iss_research,7
poppylee53152,space_station,14
_thatniggacarl,nasa,4
trinakshyk,nasa,0
firewake32,nasa,11
portland_ghosts,nasa,33
portland_ghosts,space_station,25
cjkdwl,nasa,5
nothingsirius,nasa,161
marsweep,nasa,28
marsweep,space_station,14
songz_ofmylife,nasa,2
ameri_grl,nasa,14
jkildren625,marsrovers,19
flatearthjason,nasa,33
scienceiswrong,nasa,1
donaldroche2,nasahqphoto,20
donaldroche2,space_station,21
donaldroche2,nasa,28
derekkleslie,nasa,0
realheine,nasa,2
klugectr,drfunkyspoon,9
orrchidrain,nasa,25
mehrharris,nasa,0
jamiepart2,nasa,5
jamiepart2,cassinisaturn,5
rodrigonunescal,nasa,144
geodedicated,nasa,182
geodedicated,cassinisaturn,113
esba1ley,esa_caves,12
esba1ley,nasa,41
xxjaycfreshxx,nasa,5
maradacy,nasa,21
itstylernicole,nasa,4
jeremybresley,nasa,33
livinapril7,nasa,28
attackontyson,nasa,4
sbarsh,nasa,8
barshbits,nasa,3
sinfuic,nasa,1
keremgogus,nasa,6
keke_fan_,nasa,3
scrapmetalrobot,nasa,33
mattcusson,nasagoddard,11
goodyawards,space_station,7
neilhollywood,nasa,1
buffer,nasa,729
dun3buggi3,nasa,10
lovelyfunmom27,nasa,1
leesallyman,nasa,5
mujosey,nasa,27
jameszanardo,nasa,28
maddysettel,nasa,2
nutmegamillion,nasa,4
mattcorlett01,nasa,20
thegrannyhere,nasa,2
thegrannyhere,space_station,2
tc__joseph,nasa,14
tc__joseph,space_station,6
teencher,nasa,4
uscdigital,nasa,6
theecobeat,nasa,48
hesupplanted,nasa,5
sannsibble,nasajuno,109
b0yle,nasa,939
lumabargo,nasa,1
lumabargo,neiltyson,1
jorgego98249461,nasa,19
woodsdiscovery,nasa,16
jon_vas2877,nasa,1
upportunityu,startalkradio,187
stratocumulus,nasa,480
rmgluck2017,nasa,0
adpcnet,nasa,21
kinglutherv,nasa,5
prezcannady,esa,48
xploredeepspace,nasa,502
therealkyler_a,nasa,3
aguscipolicy,nasa,229
spaceartsae,nasa_johnson,103
nasa_sti,nasa,483
sengarypeters,nasa,65
lzcata,nasa,1
lilya_333,nasa,20
spacebrendan,nasa,173
boweswg,nasa,33
kiraonclimate,nasa,63
thecircuitmovie,nasa,59
dale_the_cooper,nasa,16
ripmyyoutth,nasa,0
sabriel_,nasa,1
broadsidebd,nasa,7
fednewsradio,nasa,142
aasandesign,nasa,46
mackbradley,nasa,190
drgitpaws,nasa,5
datawolf4005,astro_cady,9
datawolf4005,nasa,13
freelancephilos,nasa,147
kool_duderex,nasa,26
kool_duderex,space_station,22
janetepetro1,nasa,59
ken_yager,nasa,276
secondmuse,nasa,63
worldofscitech,nasa,244
martensjd,nasa,3
revamariepeter2,nasa,0
rcamp004,nasa,67
toddicus,nasa,26
petitpipo,nasa,6
petitpipo,nasa_orion,4
petitpipo,nasa_johnson,5
gassygiant,nasa,64
swellbritta,elakdawalla,11
swellbritta,nasa,16
jorgemurray98,nasa,0
orlandopride,nasa,11
bobbiebees,nasa,12
nova_r7,nasa,0
entrylevelrebel,rocket_woman1,15
entrylevelrebel,nasa,82
georgeshornack,spacedotcom,6
georgeshornack,nasa,7
newscred,nasa,122
executivegov,nasa,55
mt_consult,nasajpl,46
egyptiankarim,nasa,2
daniel_thecuban,nasa,68
ewein2412,astro_cady,8
romansgirl2073,nasa,40
bzbx,spacedotcom,11
itis4tom,nasa,5
newswhip,nasa,50
absolut_zer0,nasa,27
ramani_iyer,nasa,3
youssef_nfissi,nasa,1
gary_indiana,nasa,3
zajaczkowski,nasa,3
dailystarnews,nasa,34
joerymi,nasa,2
vbpaul88,neiltyson,4
newsfromspace,nasa,718
newsfromspace,esa,595
spacejournalism,nasa,299
boyerchristie,nasa,7
boyerchristie,space_station,6
chia_jeslyn,nasa,5
timmermansr,nasa,1206
kernelcob,neiltyson,0
albertalbs,spacedotcom,7
mabsj2,spacedotcom,86
rathertiresome,spacedotcom,5
replaurahalld19,nasa,18
ju5t_v151t1ng,spacedotcom,116
gutmicrobiomef,nasa,14
perolikeee_,nasa,0
nanowiz05,spacedotcom,0
eplawiuk,spacedotcom,17
stevekaliski,nasa,9
aagie,nasa,251
aagie,cassinisaturn,170
donnarapha,spacedotcom,12
halleatonix,nasa,3
ucfh,nasa,3
vtwebdesign,spacedotcom,28
muhiburshourov,nasa,1
michdsan14,nasa,4
ctdengineering,nasa,10
alienbeagle,nasa,7
adamjacobspdx,stationcdrkelly,2
drewneisser,nasa,103
wjhuie,nasajpl,13
maggiemurphey,spacedotcom,2
emceeslim,nasa,21
artofastronomy,spacedotcom,139
ascendedmal,nasa,10
miabryce,spacedotcom,26
katrobison,nasa,150
explorersinst,nasa,44
jonathanknowles,nasa,122
law4usc,badastronomer,6
tomholtzpaleo,nasa,71
rorystoves,nasa,14
gabbybirkman,spacedotcom,69
mad_science_guy,nasa,118
ninazamparis,nasa,4
nfigueroajr,spacedotcom,18
rappolee,nasa,98
ticsdaily,nasa,2
alimearza,nasa,14
mosestamakloe,nasajpl,79
twittermoments,nasa,310
smoothestknight,nasa,6
engryourworld,nasa,47
engryourworld,spacedotcom,21
chomifelicidade,nasa,7
issyhjg,stationcdrkelly,5
psproduct,spacedotcom,0
dragonbox,nasa,13
dragonbox,spacedotcom,8
kevinmlevy,nasa,6
malligoose,nasa,15
zacharycohn,nasa,28
scot_nature_boy,nasa,61
scot_nature_boy,nasajpl,40
robrekemeyer,nasa,34
jannabernice,nasa,2
oconnorcolette,nasa,40
davidhu72182968,nasa,7
watertrends,nasa,117
mesraiders,nasa,3
florencedrakton,nasa,8
lastmanonmoon,nasa,451
lamboholic1,nasa,43
shelbyburon,nasa,5
jneal518_neal,nasa,10
19921974,nasa_astronauts,14
19921974,nasa,17
sundhaug92,nasa,133
sundhaug92,spacex,113
kimcungtv,nasa,11
alymurray,spacex,2
john1966olsen,nasa,164
thephoenixflare,spacex,36
thephoenixflare,nasa,45
tiikgarza,nasa,46
danpx2,nasa,216
danpx2,spacex,198
unclejoe1116,spacex,9
unclejoe1116,nasa,10
toddharrisondc,nasa,53
trendrewards1,nasa,7
quixoticnance,astro_wheels,49
quixoticnance,nasa,89
quixoticnance,nasa_astronauts,48
scrubshine,nasa,21
aplusplus,spacex,4
aplusplus,nasa,11
sliztheboss,nasa,1
lucidfly,nasa,14
simoneroliver,nasa,11
judywang_,nasajpl,5
petercheong10,nasa,27
barry_corley,nasa,9
rohanpinto,nasa,5
radioxeu,nasa,4
navig_us,nasa,2
nayhamanzoor,nasa,3
annined,nasa,12
annie2488,nasa,30
oracle,nasa,260
marilinpeters,nasa,1
deplorable_ed,nasa,9
cptplanespotter,nasa,48
cptplanespotter,therealbuzz,23
cptplanespotter,rainmaker1973,16
ghdatstate,nasa,70
bigelowlab,nasa,47
adambadger,nasa,77
cinnamonlester_,nasa,2
vic_alonsoperez,nasa,38
polyman71,coreyspowell,46
polyman71,astrokatie,41
polyman71,nasa,77
curtnickisch,nasa,26
jessicacadams,nasa,18
tamu,nasa,144
djwarrenyoung,nasa,56
pradigy,nasa,1
now__space,spacex,163
now__space,nasa,186
_absterrr,nasa,2
aristofanea,nasa,0
maurice_edmonds,nasa,13
lora7777,nasa,1
astro_physical_,nasa,31
cenecmalaga,nasa,1
artsandlectures,nasa,3
artsandlectures,stationcdrkelly,3
jeffdeherdt,nasa,4
commandermla,iss_research,368
commandermla,space_station,386
commandermla,nasa,434
dilicorne,nasa,8
rullys,nasa,3
rullys,space_station,2
craftlass,nasa,283
rosanne_sacto,nasa,9
mck_s6,nasa,6
cornerhub,spacedotcom,37
cornerhub,nasa,57
sarah_begum,nasa,58
rhettwilliam,nasa,13
blackphysicists,nasa,555
jaybirdone,nasa,56
jorgeglz00,nasa,16
jorgeglz00,esa_rosetta,8
vicentvicedo,nasa,3
urmainegirl,nasa,2
raakwork,nasa,20
raakwork,esa_rosetta,12
cynwyd5thgrade,esa_rosetta,2
cynwyd5thgrade,esa,2
cynwyd5thgrade,nasa,2
questfloorcare,nasa,11
questfloorcare,iss_research,10
comfort_y,esaoperations,3
comfort_y,nasa,3
comfort_y,esa_rosetta,2
1_gflame,nasa,14
1_gflame,nasajuno,6
1_gflame,nasa_technology,7
cosmos4u,esa_rosetta,470
olegreg42,nasa,1
sthilairelab,spacedotcom,5
wakeyamindupej,neiltyson,0
mommage8386,esa_rosetta,1
nyambose3,nasa,8
nyambose3,esa_rosetta,4
defenseintel,nasa,350
rihadan,nasa,1
rihadan,nasajpl,1
fbi,nasa,1542
iitmweb,nasa,11
trixywh,nasa,6
bamit_das,nasa,7
robre62,nasa,48
peerthru,nasa,4
musicaltrees,nasa,5
fadilhamman,nasa,3
rtslabs,nasa,7
baronboehm,nasajpl,7
mcadookelly,nasa,3
debwhite,nasa,31
brotherbat,nasa,2
gammacounter,nasa,29
varon_carol,nasa,13
imnazim,nasa_astronauts,1
imnazim,nasa,1
isaacgaye,nasa,9
whyilikescience,nasa,63
whyilikescience,spacedotcom,41
stemedu_johnson,nasa,11
usembassysweden,nasa,59
birdseye1,nasa,64
letiziacaruso,nasa,3
sisteragenda,spacedotcom,0
chrislucard,nasa,4
epicroxy,nasa,8
plabbe1,nasa,14
plabbe1,space_station,11
etphonegemini,nasa,38
physorg_com,nasa,1691
tanyamariev,nasa,1
aldoadastra,nasa,29
aldoadastra,astro_davids,21
aldoadastra,space_station,28
californiakara,nasa,44
peterfortna,nasa,8
caseydreier,nasa,354
fyiscipolicy,nasa,126
stiltonninja,space_station,17
stiltonninja,nasa,23
maximaxoo,nasa,652
marty_bolton,space_station,20
marty_bolton,nasa,26
wieilc,spacedotcom,23
grizzleytrubble,nasa,3
grizzleytrubble,marscuriosity,3
davelavery,marscuriosity,60
ashekulhuq,space_station,8
ashekulhuq,nasa,32
adrianginger,nasa,49
skyatnightmag,marscuriosity,290
irialouise,nasa,7
irialouise,space_station,4
neurosocialself,nasa,51
dmvanderhoof,nasa,74
mayramontrose,nasa,33
thinkin_ape,nasa,0
helloclodagh,nasa,28
spacecasper,nasa,484
awb_org,nasa,239
awb_org,astro_nicole,128
onesynam,nasa,13
andjtjoeng,nasa,4
marksan04731571,iss_research,5
marksan04731571,stationcdrkelly,6
marksan04731571,nasa,6
housescience,nasa,294
shawnleenerts,nasa,24
doctorbrijpatel,nasa,10
jbprime,dalcantonjd,76
cmcelraft,nasa,6
edierodriguez,stationcdrkelly,5
crgonzalez,nasa,22
artshumana,nasa,44
genefangirl,nasa,19
genefangirl,nasa_johnson,16
13blackangel13,nasa,4
eeg_uae,nasa,9
shuttlealmanac,nasa,527
charisgroup,nasa,16
janineingram7,nasa,12
lindyloo1979,aqua_ogriofa,39
lindyloo1979,nasa,91
rasamataz_lv,nasa,2
trinity_u,nasa,43
zezeswanson,nasajpl,34
zezeswanson,nasa,35
realkyleolbert,nasa,23
ouphyssci,marscuriosity,21
aircraftnerds,nasa,11
jonathanlhall,nasa,33
svathome,nasa,1
storybywill,universetoday,64
glytchtech,nasa,65
changeequation,nasa,277
p5umno,space_station,2
glennostrosky,nasa,29
gracetiscareno,nasa,32
stormseeker79,space_station,4
hivezine_,nasa,1
cntroversyincda,space_station,20
spacecoral,nasa,141
spacecoral,esa,117
joesibanez,nasa,4
claudiaalvaran2,nasa,51
gomez4224,nasa,4
keystounlocking,nasa,162
pillownaut,nasa,465
kurafire,nasa,49
maximodalmau,nasa,4
smittydarling,nasa,3
pc0101,iss_research,187
pc0101,stationcdrkelly,203
pc0101,nasa,236
annie2488,bryankeiiy,4
usembislamabad,nasa,53
drunken_neo,nasa,41
drunken_neo,marscuriosity,19
bricknix,nasa,3
hocochamber,nasa,3
wmckimney,astro_mike,2
wmckimney,nasa,2
its_en_not_on,nasa,5
lindyloo1979,astro_mike,75
masoomjethwa,space_station,72
masoomjethwa,nasa,120
masoomjethwa,esa,100
masoomjethwa,csa_asc,65
masoomjethwa,iss_research,59
draken50,nasa,6
0x4e0x650x6f,nasa,8
sydneysneckka,nasa,1
smoothcat,nasa,11
usgao,nasa,155
fueladdicts,nasa,17
kiss999,nasa,3
power965,nasa,19
johnsanders0,nasa,5
jorgego98249461,astroannimal,10
claudiaalvaran2,astroannimal,28
javifenoy,nasa,2
chughtaienge813,nasa,3
heyarnoldc,nasa,0
hpstan,nasa,5
lauriecantillo,nasa,261
19921974,astroannimal,12
xeni,nasakennedy,230
mikenasatir,nasa,18
robertjshoupe,nasagoddard,1
meddevcentre,nasa,9
darkparadise0m,nasa,10
annmaura,nasa,22
storyblockmedia,nasa,2
americorps,nasa,141
avramovk,nasa,70
discoveryhour,nasa,91
phibetakappa,nasa,48
ufnations,nasa,6
usveteransmag,nasa,26
mindy777,nasa,4
mindy777,space_station,4
jmuplanetarium,nasa,233
atm_husband,nasa,4
atm_husband,nasa_johnson,2
robinhicks_,nasa,32
roysimangunsong,nasa,27
maggiecort,nasa,7
sannsibble,astroterry,111
astrotek,nasa,122
mermaidcarnell,iss_research,6
mermaidcarnell,space_station,9
mermaidcarnell,nasa,10
edbailey1957,nasa,17
vabeachteach,nasa,3
minorleaguesman,nasa,10
upportunityu,nasa,388
shravansaxena,nasa,4
usambindia,nasa,61
tracy_karin,nasa,510
tracy_karin,astrowendyl,72
spaceleclerc,csa_asc,113
spaceleclerc,nasa,133
obastronomy,chabotspace,14
obastronomy,nasa,40
sylvia_opella,nasa,3
lmb_spa,nasa,0
eternal_voyager,nasa,13
micha_louis,nasa,9
heriabusufyan92,nasa,1
udaykarve,nasa,10
udaykarve,cassinisaturn,8
daaronherman,nasa,14
daaronherman,space_station,7
bis_spaceflight,esa,507
bis_spaceflight,nasa,530
lislelibrary,nasa,4
sannsibble,nasa,206
tylerfeague,nasa,4
edmatters,nasa,18
edmatters,cassinisaturn,5
dtlafave,nasa,1
sannsibble,space_station,159
misspattyx,nasa,1
engineeringcom,nasa,159
educateeng,nasa,4
stampydragon,nasa,1
the_real_isamar,nasa,0
imam_a_siddique,nasa,6
imam_a_siddique,nasa_astronauts,2
ageekmom,nasa,1025
exeteruninews,nasa,8
gabeberto57,nasa,1
licholding,nasa,16
happynestmegi,nasa,0
avramovk,cassinisaturn,41
dannytheinfidel,nasa,30
dannytheinfidel,space_station,15
misterhw,nasa,5
feonixforever,nasa,25
feonixforever,cassinisaturn,24
comicbooknerd23,nasa,7
nehayadav2058,nasa,3
spacecenterhou,astro_mike,261
rinchenmtp,nasavoyager,34
sannsibble,esa,163
sannsibble,astro_alex,101
nicharsh,nasa_johnson,3
nickfalacci,nasa,11
19921974,marscuriosity,10
prishkachu,nasa,5
rieinspire,nasa,50
ilovemarsfans,therealbuzz,205
eusapient,nasa,2
lorimoreno,nasa,238
oetkb2,nasa,10
v_septembre,nasa,3
selvynk,nasa,14
therealdjflux,nasa,436
therealdjflux,astropeggy,163
ouachitaways,nasa,4
ouachitaways,space_station,3
iss_casis,space_station,1104
iss_casis,iss_research,1162
lomhow1234,nasa,3
lomhow1234,nasa_astronauts,1
brooklynweaver,nasa,18
reinepsy,nasa,1
27chips,nasa,27
posco69,space_station,11
posco69,nasa,17
dreducacion,nasa,3
jenoconnell,nasa,34
astromicerule,spacex,191
donalddjl,nasa,0
squasherg,nasa,0
tentivetodetail,nasa,14
mattpegram,nasa,2
callyra,nasa,38
edisonawards,nasa,58
jorgeglz00,ellenstofan,11
coloradonewsccm,nasa,1
mighty_humanzee,nasa,8
nasakepler,nasa,2616
dara2c,nasa,16
jeffdsalisbury,exploreplanets,10
jeffdsalisbury,spacedotcom,8
holygoat_420,nasa,6
r_sharrock,nasa,57
skankbones,nasa,20
studiokca,nasajpl,7
lsullivan,astropeggy,35
lsullivan,nasasocial,91
lsullivan,nasa,115
sp_johnsullivan,nasa,72
raverfrom95,nasa,54
saber_smith,nasa,14
saber_smith,space_station,4
jorgego98249461,space_station,15
epbock,nasa,10
koz_99,nasa,109
surfsidesams,nasa,22
surfsidesams,space_station,14
orbitalatk,nasa,1632
jstephengagnon,nasa,37
restlessone14,nasa,8
aims600doc,nasa,29
aims600doc,nasa_orion,11
nasa360,space_station,715
cheriedlyon1,nasa,4
needimages,nasa,87
whybankcollapse,nasasocial,19
whybankcollapse,space_station,23
lwaltzing,nasa,0
duckhunter9090,nasa,23
duckhunter9090,space_station,18
h_t_adams,therealbuzz,5
h_t_adams,nasa_johnson,4
h_t_adams,astro_kate7,4
lilcuriouscatt,nasa,5
sanchiaalasia,nasa,8
tlaustin,space_station,22
tlaustin,nasa,26
tlaustin,nasahqphoto,24
smartvedha,nasa,0
slyfoxninja,nasa,14
heywerner59,astro_mike,3
allisonkkelly,nasa,230
uglyfossils,nasa,5
rajkvx,nasa,1
eclark1946,nasa,10
jorgeglz00,nasa_astronauts,12
jennikeleher1,nasa_astronauts,2
jennikeleher1,nasa,4
isaacvollmer,nasa,29
nmarascio,nasa,114
cindyrourke23,nasa,1
oo2112,nasa,3
oo2112,space_station,3
bryanbriggs6,nasahqphoto,2
bryanbriggs6,nasa,3
gracieruiz,nasa,0
jgoku18,nasa,2
easysun_power,nasa,94
mrsgyde,nasa,3
spaceflightins,nasa,887
miss_space_geek,nasa,72
uppitynycupcake,nasa,6
addisonryan,nasa,15
addisonryan,space_station,12
scaley_jencen,nasa,4
t_dubs82,nasa,4
ruthspiro,nasa,27
to_the_breach,nasa,5
redidbull,nasa,12
redidbull,space_station,7
skiestercfi,nasa,11
kneazleknickers,nasa,11
kneazleknickers,space_station,7
livn2lo19,nasa,20
livn2lo19,space_station,16
psutympany,nasa,158
comfort_y,space_station,2
jess_walker,nasa,1
kuppachiravi,nasa,13
kuppachiravi,space_station,7
mamtajain4215,nasa,1
mamtajain4215,space_station,1
patf758,nasajpl,19
patf758,ellenstofan,13
patf758,nasa,19
patf758,marscuriosity,20
jaisinghessar,neiltyson,1
x_gillian_x,astro_timpeake,0
applixir,neiltyson,1
denkbots,cosmosontv,4
anjalikolachala,neiltyson,0
skywatchapps,marscuriosity,168
king_rkin279,neiltyson,24
oubey,universetoday,39
tsgz7zv3ydwqted,esa,14
tsgz7zv3ydwqted,hubble_space,5
djfrankieee,universetoday,38
matthewnorris82,neiltyson,2
belinsan61,astro_timpeake,2
meiklewilliam,astrokatie,10
dunlapcj,neiltyson,7
huile_de_olive,neiltyson,2
maskinjunior,neiltyson,0
cinberas,esa_rosetta,1
jrmsaunders,esa_rosetta,36
rachreneebell,neiltyson,5
discoverdonovan,neiltyson,1
raminsubzero,neiltyson,4
lotusg13,marscuriosity,6
thegatecast,neiltyson,8
krystalondesign,neiltyson,8
krystalondesign,startalkradio,4
michelelauriat,neiltyson,8
adrianf1erros,neiltyson,7
agiantjenna,neiltyson,0
disruptive55,spacedotcom,15
immortalmirco,neiltyson,2
rtdasilva3,neiltyson,0
rgesthuizen,astroduff,59
dayne_cov,startalkradio,12
leerum6,neiltyson,4
mr_james_c,astrokatie,4
mr_james_c,cassinisaturn,5
miss_lewis5,neiltyson,4
ajpearson23,astrokatie,19
ajpearson23,elakdawalla,20
tinapanossian,astrokatie,39
nancyfordephoto,astrokatie,33
beardedsavagenh,neiltyson,0
beegejohnson,esa,9
eringreeson,exploreplanets,225
astrophiz,lisaharveysmith,38
bhgross144,stationcdrkelly,59
randy00312,lkrauss1,1
astronobeads,stationcdrkelly,34
smithsk,universetoday,59
frankowluke,neiltyson,0
theiet,astro_timpeake,115
slaydott,neiltyson,4
fcojlg,neiltyson,1
ldaycalico,neiltyson,15
giftofwealth,elakdawalla,5
jamesgis,astro_davids,12
907natalie,neiltyson,14
melissa_shelley,astro_timpeake,6
andrej_gross,astrosamantha,3
sannsibble,stationcdrkelly,143
jcbreckjac,foreman_mike,0
kamla_sharbear,cmdr_hadfield,2
calminc,csa_asc,7
irondog55,cmdr_hadfield,1
irondog55,astro_timpeake,1
jaggeroriginal,neiltyson,2
margeaux_fr,stationcdrkelly,0
xadellebellex,stationcdrkelly,18
_herbbaker,astro_luca,172
robinwhitsell,nasa_astronauts,2
just1fix2004,spacex,2
stwilfridsmaths,astro_timpeake,3
stwilfridsmaths,spacegovuk,3
uolnewscentre,astro_timpeake,28
uniofleicester,astro_timpeake,53
plasmarmuse,astro_sandy,77
rjmlaird,astro_timpeake,392
chrisfflyer,stationcdrkelly,82
clcwju,space_station,48
sannsibble,astro_mike,137
antarikshghosh1,astro_127,7
consultseuss,astro_andre,0
thechaosclangfa,astroterry,32
sannsibble,astro_andre,103
shasani61,astro_davids,60
shasani61,esa,93
shasani61,astro_alex,79
theobproject,astro_timpeake,31
smoroi,nmpanek,16
fionaaldridge,astro_timpeake,2
fallenstar_ana,stationcdrkelly,25
bigdaddypete,astro_timpeake,49
ukspaceacademy,astro_timpeake,100
lancecaraccioli,astro_timpeake,5
carbon_flight,astro_reid,282
capitalemnews,astro_timpeake,5
jean_labbe,space_station,76
kulganofcrydee,astro_timpeake,14
davidsornberger,cmdr_hadfield,10
rocketmanjrs,space_station,136
robamorg,stationcdrkelly,1
astroperseo,universetoday,64
jgrplanets,nasajuno,111
hmns,universetoday,40
kevindavis338,spacex,71
4girlcrew,universetoday,2
4girlcrew,spacex,3
allstuffspace,spacex,68
richwajda,exploreplanets,2
taustation,spacex,5
fizzbulous,esa_rosetta,2
fizzbulous,philae2014,2
mmmukalla,cassinisaturn,3
creepertrent115,drfunkyspoon,3
scottpiano1,exploreplanets,14
callyra,therealbuzz,29
windsormorning,spacex,8
craignorriscbc,spacex,7
morningnorth,spacex,7
im_ebg,spacex,2
cosmos4u,cassinisaturn,444
mrmonster911,spacex,119
rory_mg,spacex,41
emspeck,spacex,111
joseph_eilert,spacex,6
classic_thuli,spacex,6
vaidabhishek,spacex,10
orbital_decay,spacex,43
zachadams74,spacex,1
tallandtrue,spacex,29
anime_fan77,spacex,2
flndr6,startalkradio,25
rotosequence,spacex,6
doughensel,spacex,5
tsgz7zv3ydwqted,newhorizons2015,13
transcendtales,therealbuzz,5
masanorimusic,esa_rosetta,22
spacedlaw,esa_rosetta,15
tskynet,esa,9
tskynet,esa_rosetta,7
cosmos4u,elakdawalla,478
cosmos4u,chrislintott,286
cosmos4u,esa,519
algi80,elakdawalla,5
algi80,astrokatie,5
philae_ptolemy,esa_rosetta,180
vincenzoloscalz,esa,9
mnmlbit,esa_rosetta,9
mnmlbit,esa,12
askewmind,esa_rosetta,4
bp_hutch,esa_rosetta,254
bp_hutch,esaoperations,276
splinister,esa_rosetta,12
i_we_gaia,esa_rosetta,127
loubrutus,esa_rosetta,3
mattkronner,astrokatie,0
thev1nce,esa_rosetta,0
dwenius,esa_rosetta,2
thatawesometerr,spacex,3
grilled_onion,esa_rosetta,1
grilled_onion,esa,1
ocultado,esa_rosetta,2
bernhard_weyhe,esa_rosetta,48
jeanneb1962,esascience,28
jeanneb1962,esa_rosetta,36
fragraptor,esa_rosetta,0
dunn_pa,astrokatie,5
ryanmerkley,esa,29
robcwolfe,spacex,1
paxxman,esa_rosetta,40
timmermansr,esa_rosetta,804
jeev12194,neiltyson,0
lord_bung,neiltyson,10
sinkoj,esa,1
ronbaalke,exploreplanets,445
giannipetitti,neiltyson,4
kssecrets,neiltyson,4
vyomnaut,neiltyson,18
only1marcia,neiltyson,16
jon__hoff,neiltyson,0
sergey_reznik,neiltyson,8
jjuday,neiltyson,143
writertracy,cassinisaturn,0
mhs_science,cassinisaturn,20
jovanbkt,spacex,5
ploberman,spacex,3
ieeeorg,spacex,284
uoyastrosoc,neiltyson,42
uoyastrosoc,exploreplanets,44
uoyastrosoc,therealbuzz,48
uoyastrosoc,esa,49
wingdcanada,setiinstitute,5
wingdcanada,nasajpl,9
scienceatwingd,setiinstitute,37
scienceatwingd,nasajpl,40
guerillascience,esa_rosetta,52
hal9000and1,spacex,71
princecyboi,spacedotcom,17
stuartaken,universetoday,29
paul_hayslip,spacex,2
f_rodriguezjr,spacex,41
asimpleresponse,esa_exomars,44
onreact_com,universetoday,5
bernhard_weyhe,esa_exomars,40
cosmocrops,esascience,40
trassens,astrobiology,13
acecentric,spacedotcom,68
astrobiologytop,spacedotcom,117
ecroydon,drfunkyspoon,0
esfs_canada,nasa,13
chrisdmarshall,astrobiology,95
biophyskrys,nasa,12
mew19forever,astrobiology,1
gograzi,cmdr_hadfield,0
meister_art,neiltyson,1
expresstechie,nasa,19
chic4change,nasa,101
flos_ad_mare,nasa,1
interplanetypod,nasa,506
cselas,nasa,20
cselas,cassinisaturn,15
pollick_chris,nasa,11
hellobezlo,nasa,23
harrisonfinnian,nasa,25
dstephen132,nasa,1
kartikparija,nasa,41
nasahistory,nasa,2070
pemcoworldair,nasa,19
fertaddei,nasa,11
peoplewcooljobs,nasa,0
piotr_wiorek,nasa,39
cary_northrop,nasa,5
cary_northrop,esa_rosetta,3
lamboholic1,esa_rosetta,16
kirstinmcewan,esa_rosetta,17
handsanfeet,nasa,52
handsanfeet,esa_rosetta,31
umakantgohatre,space_station,9
asnell620,nasa,1
aviationheritag,nasa,29
stevespaleta,nasa,135
stevespaleta,esa_rosetta,85
stevespaleta,spacedotcom,121
davidlxho,spacex,27
exor_dg,nasa,0
tcmindy,nasa,88
deepakrajgor,nasa,19
ijaz7425,nasa,0
kuldeep89815740,nasa,0
catphrodite,nasa,13
fadumzz,nasa,16
davidbsweather,nasa,20
gobusurv,nasa,0
ayeiibor,nasa,18
rubennews,nasa,32
bunting29,nasa,0
spacemonkeyluvn,nasa,9
renecc,nasa,12
pamfloresmusic,nasa,9
parkerhuse,nasa,11
wms00bowvgy3efx,nasa,20
kenleypdx,nasa,3
akhil_am_,nasa,9
space_wombat,nasa,8
zaynsmjolnir,nasa,4
ddmarketingtalk,kirkdborne,2
ddmarketingtalk,nasa,4
mallory_mack,nasa,5
pamelacayne,nasa,4
voidsebastian,nasa,0
cosmiccuttlefsh,nasa,4
charlesgare40,esa_rosetta,3
garrixhuman,nasa,40
victoria_ramen,nasa,6
steveyeasting,nasa,0
omandoriginal,nasajpl,0
nerdforaliving,nasa,7
leahazucenas,nasa,6
yoda,nasa,95
gabrielpbruce,nasa,5
mimi_ohare,stationcdrkelly,1
josiecreates,cmdr_hadfield,3
jennclitler,neiltyson,3
janetbooklady,astro_timpeake,0
alexteha,neiltyson,7
alexteha,startalkradio,6
bobsfeedback,nasa,2
richard_bruschi,nasa,10
richard_bruschi,startalkradio,6
munglooh,nasa,2
cvdevkatesakal,nasa,0
ogharit,nasa,7
traidmark,nasa,5
natashacormac,nasa,4
apeximagingmike,neiltyson,4
taylormmeredith,neiltyson,0
docnotdoctor,neiltyson,1
markpaintt,neiltyson,0
astroguyz,esa_rosetta,426
miss_bored_alot,neiltyson,1
saxopolis,elakdawalla,20
magicsanchez4,neiltyson,1
egeline1958,spacedotcom,1
ianakki07,neiltyson,5
rockandjoel,neiltyson,0
manthonybrowne,cmdr_hadfield,4
jonoabroad,nasa,31
kennymcpirate,cmdr_hadfield,5
kennymcpirate,nasa,7
marietherrien45,cmdr_hadfield,1
issaboveyou,nasa_johnson,118
issaboveyou,iss_research,118
bwgibbo333,cmdr_hadfield,0
gimamedjian,cmdr_hadfield,3
crkarla,esa,124
crkarla,space_station,97
algotechnews,spacex,4
carlaxys5,stationcdrkelly,44
jamesmoore_org,cmdr_hadfield,33
kkidsny,nasa,8
spooninspace,stationcdrkelly,83
spooninspace,shuttlecdrkelly,69
engphoto,nasa,61
engphoto,stationcdrkelly,42
engphoto,nasasocial,46
engphoto,iss_research,42
mrm0726,stationcdrkelly,43
ks_edmktg,nasa,10
hammersuit,neiltyson,1
sarahcamille95,neiltyson,1
hackerspacela,stationcdrkelly,37
lotg60,stationcdrkelly,8
dslsynth,elakdawalla,32
bosrealteolaiga,esa,8
ujs6591,esa_rosetta,8
thebutcher_st,esa_rosetta,0
tomtom28115,spacedotcom,120
funkygreencomet,esa,22
funkygreencomet,esa_rosetta,18
morningexp,esa_rosetta,12
youkenn_doit,nasa,25
longquint,nasa,22
longquint,esa,23
science_hooker,esa_caves,31
science_hooker,esa,135
science_hooker,esaoperations,109
amylia80,neiltyson,7
heinrichalberts,neiltyson,1
alexbiebricher,eso,56
spac307cowboy,spacex,28
aschwortz,summer_ash,28
anissagoesrawr,neiltyson,0
thesoulfulemu,spacex,62
lilygwenya,neiltyson,3
ffff2003cn20051,neiltyson,10
korsasap,esa_rosetta,51
ripudaman_usha,esa_rosetta,8
adrianw_w,spacex,2
alastairkingon,neiltyson,0
brooklyncybele,neiltyson,9
lenalazyeye,neiltyson,0
aicsinspace,esa_rosetta,82
allensaakyan,neiltyson,31
allensaakyan,startalkradio,30
elizejackson,neiltyson,3
traumajunkie17,exploreplanets,31
fwd79,esa_rosetta,31
fwd79,philae2014,28
fwd79,esa,40
efayeme,neiltyson,1
krrrod24,neiltyson,1
teachkidsnews,csa_asc,11
_andrewgregg,neiltyson,1
ericbaize,esa_rosetta,2
pyrotasticuk,esa_rosetta,0
libertyscictr,esa_rosetta,76
sabareeshpa,astro_timpeake,12
sabareeshpa,esa_rosetta,14
casualelephant,neiltyson,10
whatdamath,spacex,26
alicia_j_burke,neiltyson,14
___missfisher,neiltyson,6
richworkzone,neiltyson,3
hermann250,badastronomer,10
madik,neiltyson,98
mal7798,neiltyson,3
marsroverdriver,spacex,416
profmike_m,scibry,65
nebogipfelwho,coreyspowell,9
msangelapacheco,therealbuzz,22
laurabaxter3,nasa,2
kierandean,nasa,10
meg_eastwood,nasa,42
chaosaholic,nasa,2
californiiya,nasa,0
c_holce,nasa,0
dionadrienne24,nasa,0
realindytaiis24,nasa,16
realindytaiis24,space_station,6
mechtwintailed,nasa,12
jethrotoll,nasa,35
danieljoneslee1,nasa,3
captamerica1787,spacedotcom,16
captamerica1787,nasa,21
paul_kidk9299,cassinisaturn,6
yohangerm,nasa,7
yohangerm,iss_research,4
yohangerm,space_station,5
ashpeeweezy,nasa,2
_paigemaddy,nasa,2
cyberen,nasa,8
lifebypierre,nasa,0
stellarplanet,nasagoddard,152
spaceagenda,astrobiologynai,142
brainmaker,astrobiology,7
gpknopp,astrobiology,8
iteratedmnifold,astrokatie,78
iteratedmnifold,astrolisa,35
marsanalogues,esa_exomars,25
livingarchitect,astrobiology,57
jpmajor,astrobiology,190
nccomfort,drfunkyspoon,28
greenstemsuoy,spacegovuk,1
astronomymike,catherineq,81
erthscicarleton,nasa,8
humanoidhistory,nasa,309
ststherapies,nasa,4
poison_iveen,nasa,32
djcalla7,nasa,0
faithelarue,nasa,1
daryariz,nasa,0
thefuckfather,nasa,0
kelseyevans1411,nasa,3
kaethe_butcher,nasa,0
grimmly_icarus,nasa,0
realesttruthsof,nasa,1
yel_sales,nasa,0
jaquelineza14,nasa,1
nectvr,nasa,1
traphikpromo,nasa,2
oliviaspyra,nasa,2
tomgranzzz,nasa,0
therealqaisar,nasa,1
matttyy_x,nasa,3
sacc_daddy,nasa,1
shanaduchin,nasa,0
mischaparry,nasa,1
thedarkestsq,nasa,0
larrry_,nasa,0
theillestone_,nasa,0
kerouazy,nasa,0
michinojosa,nasa,0
gq_ds,nasa,0
chalexiss,nasa,0
devlishboy10,nasa,0
mberwebb,nasa,0
suckmy_wayne,nasa,1
psdifabio,nasa,7
bmas925yeah12,nasa,0
f000lsg0ld,nasa,2
shelbz_1997,nasa,3
megsbella,nasa,0
sadiyayoung,nasa,4
rosieshamoon,nasa,0
g333jordan,nasa,19
mikey_shai,nasa,0
oceonwalker,nasa,0
vivianacalianno,nasa,1
pyq87,nasa,1
spkrshutup,nasa,1
thatoneoffig,nasa,0
camillezy,nasa,0
nikki_muffin,nasa,1
joseuzi_32,nasa,0
kdaileydose,nasa,1
youngkainno,nasa,1
410383n719505w,nasa,4
kokoalak0900,nasa,0
handynsac,drshepherd2013,2
handynsac,nasa,2
samskit82,nasa,2
fcallian,nasa,0
coolblkguy,nasa,3
glamretweet,nasa,6
haydenmrut,nasa,0
kaidaddy219,nasa,6
stackshabazz,nasa,0
donsean_,nasa,0
semendemon25,nasa,1
c_cakau,nasa,0
emilymaine_,nasa,0
boristhespiderr,nasa,3
mrmarshallman3,nasa,5
ajtweetss,nasa,0
updatenewslive,nasa,4
_elholmes,nasa,0
imperatortruth,space_station,9
imperatortruth,astro_reid,6
_patrek_,nasa,1
_patrek_,marscuriosity,1
greennnelly,nasa,0
briannacostaa,nasa,1
insidertruelife,nasa,0
khvdimbaye,nasa,1
adit_prada,nasa,0
beachy_jack,nasa,31
k9rotts,nasa,18
shoutingvoids,nasa,0
victor17115660,nasa,4
nicolesteenrod,nasa,1
beneluxufo,nasa,10
wozzels,nasa,13
jasoncrg,nasa,5
mur06067673,nasa,0
popelawson2011,nasa,1
megvivacious,nasa,1
vipasha1999,nasa,0
19jpullen68,nasa,3
kamakapahinui,nasa,10
sunsetsari,nasa,0
dclintf,nasa,1
yogabbygabbax,nasa,0
jaimecook13,nasa,0
7_samgrande_7,nasa,5
eliz_gaskins,nasa,0
urbanblisslife,nasa,29
jessevlogs123,nasa,7
jamia_rain,nasa,33
alxxa966,nasa,10
logesteele,nasa,2
thischickgigi,nasa,0
ipressthis,nasa,43
dale_katy,nasa,0
zclaor,nasa,1
callummiley74,nasa,0
zzahraalqahtani,nasa,1
simplyalyss,nasa,3
simplycinfulxxx,nasa,1
kkksavannah,nasa,1
jmswsr,nasa,0
realninolord,nasa,0
suit_kase_,nasa,1
shae_best_,nasa,0
carlaandrade_,nasa,1
savionwright,nasa,22
kiera_5sos,nasa,1
shankhunt69,nasa,4
themadhatter355,nasa,10
midnight__music,nasa,0
obeys_creek,nasa,2
christineeekim,nasa,0
brittfink,nasa,0
rothtravo,nasa,0
lstoff2,nasa,2
rolljleah,nasa,3
alienboy708,nasa,2
peterfelth,nasa,32
dtreco13,nasa,8
amir_hali,nasa,7
jlgnava,nasa,15
jlgnava,esa_rosetta,9
auntiejamamab,nasa,6
rcgoodman02,nasa,1
ruperthucks,nasa,20
kompananzi,nasa,31
eyeswide2see,nasa,16
nomorelobbiest,nasa,2
internatlgmr1,nasa,1
lniggeling1,nasa,3
chadoakhill,nasa,48
tjalmere,nasa,9
kevinni75074015,nasa,45
regalinterloper,nasa,48
regalinterloper,space_station,14
ilooktwice,nasa,1
_monkey_boy_,nasa,5
killjoy044,nasa,0
ireland_rhain,nasa,1
robbofoz,nasa,18
robbofoz,cassinisaturn,8
jennae16_,nasa,1
violet1962,nasa,5
meagswins,nasa,2
delozier_m,nasa,2
_e0ll4a_,nasa,1
infotechnologi,nasa,19
juanp12_227,nasa,20
gl3a99,nasa,1
bikinatroll,nasa,67
jamariqui2,nasa,2
lazer789,space_station,13
lazer789,nasagoddard,12
maskulin4_life,nasa,1
maskulin4_life,esa_rosetta,1
misserdoodles,nasa,8
misserdoodles,esa_rosetta,2
red4eva71,nasa,36
red4eva71,iss_research,6
red4eva71,space_station,13
actionb0ss,nasa,17
neerovra,nasa,0
devnull23,nasa,9
surgpathatlas,nasa,5
surgpathatlas,esa_rosetta,1
whorerfilms,nasa,0
golddraco_13,nasa,1
bizzyblazinbudz,nasa,13
arc_nu,nasa,12
arc_nu,space_station,5
jeaighwalker,astro_mike,4
jeaighwalker,nasa,10
mentestropeada,nasa,1
conorivera,nasa,9
yaboijose_,nasa,2
nebiund,nasa,11
dahk_holliday,nasa,4
hashtag1o1,nasa,10
thelordnoel,nasa,3
mr_5h33pd06,nasa,13
tallamotorsport,nasa,1
ironmanindiandr,nasa,2
rahulsangwan111,nasa,2
garbtweeter,nasa,19
d_nicee11,nasa,0
iseedjustice,nasa,0
kampotyler,nasa,0
markgarrington,nasa,0
sawdust1620,exploreplanets,3
sawdust1620,nasa,4
darealassassin,nasa,6
tarawasjesus,nasa,33
ay_strike,nasa,1
