helen_hm11,astro_timpeake,trust_yes
astropixie,aaoastro,trust_yes
ryanwvoll,spacex,trust_yes
coreyspowell,nasa_dawn,trust_yes
malo_j,spacex,trust_no
jagoff12,nasajpl,trust_yes
kbalaji1991,nasa,trust_yes
jhjones,cirquelar,trust_yes
physorg_com,nasa,trust_no
deelotusbud777,nasa,trust_yes
fednewsradio,nasa,trust_yes
nasagoddard,maven2mars,trust_yes
astroduff,astrophiz,trust_no
africaastronomy,universetoday,trust_yes
drfunkyspoon,radjanirad,trust_yes
noisyastronomer,tattoosandbones,trust_yes
vrooje,shaka_lulu,trust_yes
aliasbluebird,nasa,trust_no
astrokatie,michelle_lmc,trust_yes
jorgego98249461,space_station,trust_yes
drfunkyspoon,klugectr,trust_yes
catherineq,avpdisapain,trust_no
egoitzaulestia,spacex,trust_yes
michaeltennesen,esa,trust_yes
nickastronomer,cosmos4u,trust_yes
csa_asc,orbitalatk,trust_yes
willgater,bbcstargazing,trust_yes
djeinsteinmusic,nasa,trust_yes
familyinternet,nasa,trust_yes
emilystgermain,nasa,trust_no
rocaozzy,nasa,trust_yes
tb5977,nasa,trust_no
danieljoneslee1,nasa,trust_yes
planet4589,lorengrush,trust_yes
badastronomer,hirise,trust_yes
whitemanllavez,nasa,trust_yes
tdeiii,space_station,trust_yes
rafdias_silva,nasa,trust_yes
jhjones,stephist,trust_yes
catherineq,cwg_nsf,trust_yes
astro_joao,nasa_johnson,trust_yes
coffinawaker1,nasa,trust_yes
esaoperations,esa_edm,trust_yes
wrightbesideyou,nasa,trust_yes
beikimco,spacedotcom,trust_yes
wzupancic,spacedotcom,trust_yes
astro_reid,romeoch,trust_yes
rweaver987,nasa,trust_no
davidwhogg,nasakepler,trust_yes
amadzeerak,nasa,trust_no
chrisrbax,nasa,trust_yes
techagekids,nasa,trust_yes
akurmston,nasa,trust_yes
mrhamzazaki,astro_jeremy,trust_no
andreabutera,nasa,trust_yes
gwdtweets,nasa,trust_no
nickastronomer,sciencenelson,trust_yes
andy_levinson,nasa,trust_no
coffinawaker1,space_station,trust_yes
jhjones,d_l_miller,trust_yes
bamit_das,nasa,trust_yes
jadenyuki5267,nasa,trust_yes
michael_w_busch,shaka_lulu,trust_yes
slimerdude,nasa,trust_yes
martiansoil,nasa,trust_yes
drfunkyspoon,lyndalovon,trust_yes
spacex,b0yle,trust_yes
andpantanal,nasa,trust_yes
nasatopnews,spacedotcom,trust_yes
astropixie,vacant3rdman,trust_yes
thetiredhippo,nasa,trust_yes
nasa_sls,nasa_orion,trust_yes
heidrichklaus,nasa,trust_yes
drdasb,esa_rosetta,trust_yes
executivegov,nasa,trust_yes
des_gcs,nasa,trust_yes
djfrankieee,spacedotcom,trust_yes
martinengwicht,spacex,trust_yes
buzzlightyear58,spacedotcom,trust_yes
britanniacomms,nasa,trust_no
metarantz,nasa,trust_yes
dangielysb,nasa,trust_yes
profabelmendez,scottwx_twn,trust_yes
dhunttweets,nasa,trust_yes
ricardorox1957,spacedotcom,trust_yes
emilylurice,johndebes,trust_yes
krushem1,nasa,trust_yes
2w3sx,nasa,trust_no
big__al_1,nasa,trust_yes
astrodot,johnrsports,trust_yes
crocodilekatie,nasa,trust_yes
catherineq,ddfdba,trust_no
jannalevin,novapbs,trust_yes
montoya23,neiltyson,trust_yes
sarahkendrew,govender,trust_yes
jannalevin,davidhesperos,trust_no
lisaharveysmith,science_academy,trust_yes
nasakennedy,astro_nicole,trust_yes
dr_lucie,reneehlozek,trust_yes
torybruno,tanyaofmars,trust_yes
nasablueshift,startswithabang,trust_yes
nickastronomer,bbc5live,trust_yes
davidspergel,jbprime,trust_yes
tomblogue,spacex,trust_no
sarahkendrew,brunomerin,trust_yes
nsfvoyager2,egvick,trust_yes
catherineq,peterkingcbs,trust_yes
holymaster,nasa,trust_yes
tpsireland,nasa,trust_yes
chughtaienge813,nasa,trust_yes
wall_for_ebooks,nasa,trust_yes
safenotanoption,nasa,trust_yes
jhjones,arielwaldman,trust_yes
paulmartinamb,nasa,trust_yes
astronomolly,jbprime,trust_yes
astronaut_jill,nasa,trust_yes
rpujolvives,nasa,trust_yes
nasasocial,nasakepler,trust_yes
sarah_byham,nasa,trust_no
xeni,nasa_johnson,trust_yes
lkrauss1,michaelaranger,trust_no
cosmic_horizons,aaoastro,trust_no
ecocade,nasa,trust_no
3nr1c4,nasa,trust_no
jasoncroce2,nasa,trust_no
coreyspowell,lonelyprobe,trust_yes
badastronomer,sandentotten,trust_yes
cosmic_horizons,mjibrown,trust_yes
fresh_615,nasa,trust_no
vrooje,benneholwerda,trust_yes
monkeysfly51,nasa,trust_yes
jhjones,planetdr,trust_yes
startalkradio,ltelkins,trust_yes
photosnapping,nasahqphoto,trust_yes
danielatalaya,spacedotcom,trust_yes
nasa,sofiatelescope,trust_yes
chrislintott,alexwitze,trust_yes
noisyastronomer,merrdiff,trust_yes
80jovan,space_station,trust_no
nasa,maven2mars,trust_yes
hakuroukurama,nasa,trust_no
catherineq,astro_yyz,trust_yes
chrisrbax,nasakennedy,trust_no
rekinnu,nasa,trust_yes
noisyastronomer,sharkespearean,trust_yes
catherineq,pillownaut,trust_yes
stevebrant,nasa,trust_yes
nasajpl,bbcstargazing,trust_yes
mayramontrose,nasa,trust_yes
portland_ghosts,space_station,trust_no
wef,nasa,trust_yes
mcschweety,nasa,trust_no
astroduff,kevinschawinski,trust_yes
tedstryk,esa_rosetta,trust_yes
tianquiztentli,nasa,trust_yes
catherineq,starstryder,trust_yes
elakdawalla,planettreky,trust_yes
expresstechie,nasa,trust_yes
therealkaivik,nasa_technology,trust_yes
reducedsuccess,spacex,trust_yes
michael23607515,nasa,trust_yes
chrislintott,michaelaye,trust_yes
tamistainfield,nasahqphoto,trust_no
startalkradio,mggttaylor,trust_yes
callyra,nasa,trust_yes
coreyspowell,tedstryk,trust_yes
philae2014,dlr_en,trust_yes
vrooje,astronomyblog,trust_yes
sinners966,nasa,trust_no
hughie1953,nasa,trust_yes
janalfunstyyry,nasa,trust_yes
astro_reid,shuttlealmanac,trust_yes
electronicspec,nasa,trust_yes
torybruno,boeingdefense,trust_yes
dhunttweets,spacedotcom,trust_yes
joejun4,nasa,trust_yes
qiitxx,nasa,trust_yes
vrooje,sciencenelson,trust_yes
michaelladd99,nasa,trust_yes
asrivkin,alexwitze,trust_yes
agent_tomsmith,nasa,trust_yes
victorgdmoraes,nasa,trust_yes
starzanplanets,sungrazercomets,trust_yes
evolvedtrex,nasa,trust_no
betanipson,nasa,trust_yes
wentzofficial,nasa,trust_no
randomspacefact,nasa_dawn,trust_yes
chrisdudley85,astrokatie,trust_no
mpcmonkey,nasa,trust_yes
martiancolonist,nasa,trust_yes
ng_rippel,nasa,trust_yes
dr_lucie,chrisenorth,trust_yes
labhaoiselesiog,nasa,trust_yes
starzanplanets,cbellh47,trust_yes
michael_w_busch,theagu,trust_no
tbaldwin510todd,nasa,trust_yes
componentscorp,nasa,trust_yes
cassinisaturn,ulalaunch,trust_yes
astroduff,drarnakarick,trust_yes
digitalabdullah,nasa,trust_yes
