universetoday,storybywill,trust_yes
tschnn,nasa,trust_yes
profabelmendez,nasakepler,trust_yes
planet4589,aschwortz,trust_yes
avramovk,nasa,trust_yes
oubey,universetoday,trust_yes
summer_ash,rachelfeltman,trust_yes
nickastronomer,lastmanonmoon,trust_yes
xephos_talvanen,nasa,trust_yes
montaudpro,esa_rosetta,trust_yes
davidwhogg,cosmos4u,trust_no
davidwhogg,brendonbrewer,trust_no
portland_ghosts,iss_research,trust_no
kaitlynammer,nasa,trust_yes
kain_tepes,nasa,trust_no
frazzledjazz,space_station,trust_no
seba_pro186,nasa,trust_yes
jtuttlekeane,nasa,trust_yes
robbofoz,esa,trust_no
zananeichan,space_station,trust_no
sarahkendrew,benneholwerda,trust_yes
elakdawalla,jasonrdavis,trust_yes
sarahkendrew,astraughnomer,trust_yes
nasakennedy,ulalaunch,trust_yes
startalkradio,virgiliocorrado,trust_yes
alex_parker,upulie,trust_yes
astrosoumyadeep,nasa,trust_yes
anon0mouse,nasa,trust_yes
tommy_nowhere,nasa,trust_yes
astronomolly,hubbahubble,trust_yes
astralz3r0,nasa,trust_yes
apod,nasa,trust_yes
badastronomer,geoffnotkin,trust_yes
nasasocial,osirisrex,trust_yes
isacolave,nasa,trust_yes
nujoud,nasa,trust_yes
cosmic_horizons,riaus,trust_yes
setiinstitute,sofiatelescope,trust_yes
soapinmynose,nasa,trust_no
jamia_rain,nasa,trust_no
astro_cady,ewein2412,trust_yes
starstryder,nasakennedy,trust_yes
hyperbola1,space_station,trust_yes
nicolesteenrod,nasa,trust_no
jonathanlhall,nasa,trust_yes
fred2700,nasa,trust_no
5lirez,nasa,trust_yes
astroduff,riaus,trust_yes
73rocket,spacedotcom,trust_yes
badastronomer,tweetsoutloud,trust_yes
the_solarsystem,space_lectures,trust_yes
elakdawalla,aussiastronomer,trust_yes
4biddnknowledge,nasa,trust_yes
manucarcamov,nasa,trust_yes
elenachera,nasa,trust_yes
devnull23,nasa,trust_no
freakbotaaron,nasa,trust_yes
margofaulkner,nasa,trust_no
alex_parker,nasakepler,trust_yes
astropixie,natecochrane,trust_no
dragonwindow,nasa,trust_yes
takethatnasa,nasa,trust_yes
johnpiggott5,nasa,trust_yes
thejarren,spacex,trust_yes
senatecommerce,nasa,trust_yes
esa,esacleanspace,trust_yes
astrodot,spasmunkey,trust_yes
nfxcr3w,nasa,trust_yes
boingboing,nasa_johnson,trust_yes
nm_c07,nasa,trust_no
darnell,nasa,trust_yes
therealbuzz,gtwhitesides,trust_yes
grb1947,nasa,trust_yes
oge_ubali,nasa,trust_yes
space_station,astro_wheels,trust_yes
doctor_astro,nasa_marshall,trust_no
jytbht,nasa,trust_yes
ju5t_v151t1ng,spacedotcom,trust_yes
amysez,nasa,trust_yes
torybruno,aerojetrdyne,trust_yes
davidwhogg,mrtommyb,trust_yes
nasablueshift,astraughnomer,trust_yes
dr_lucie,fitzsimmonsalan,trust_yes
planet4589,drspacejunk,trust_yes
annnotari13,nasa,trust_yes
imjeannettec,nasa,trust_yes
namelesscrusadr,nasa,trust_yes
lisaharveysmith,tim_o_brien,trust_yes
badastronomer,sciguyspace,trust_yes
drphilmarshall,dallascampbell,trust_no
planet4589,zulfikarabbany,trust_no
kathryn_weber,nasa,trust_no
davidwhogg,jasonkalirai,trust_yes
summer_ash,aussiastronomer,trust_yes
arc_nu,nasa,trust_yes
badastronomer,pharaoness,trust_yes
thedailyseeker,spacedotcom,trust_yes
lapakko,nasa_astronauts,trust_no
zecturd,nasa,trust_no
sharadsukhija,space_station,trust_yes
cosmic_horizons,michelle_lmc,trust_yes
d33psp33d,nasa,trust_yes
astrodot,d_l_miller,trust_yes
silverknightprj,marscuriosity,trust_yes
dlevanchuk,nasa,trust_yes
emyylii,nasa,trust_yes
noisyastronomer,drrubidium,trust_yes
stratocumulus,nasa,trust_yes
adpcnet,nasa,trust_yes
nasasocial,nasa_dawn,trust_yes
planetguy_bln,spacex,trust_yes
fhmasry1952,nasa,trust_yes
ruperthucks,nasa,trust_no
wa4lzc,nasa,trust_yes
starzanplanets,usfresearch,trust_yes
doctor_astro,nobbechristine,trust_yes
refaineverstops,nasa,trust_no
nasa_technology,astrorobonaut,trust_yes
dr_lucie,dawnsunrise1,trust_yes
coreyspowell,sciguyspace,trust_yes
spacex,gizmodo,trust_yes
telescoper,geerthub,trust_yes
santilobelle,esa,trust_yes
kj1116,nasa,trust_yes
dmuddification,nasa,trust_yes
paulhadji,neiltyson,trust_no
cattedownjanner,nasa,trust_no
uproxx,nasa,trust_no
spacekscblog,nasakennedy,trust_yes
startalkradio,thusspokejon,trust_yes
diegou,nasa,trust_yes
elakdawalla,milkysa,trust_yes
nasawatch,nasa,trust_yes
dalcantonjd,_sarahmartell_,trust_yes
niamhiepoos,esa,trust_yes
elakdawalla,sondy,trust_yes
itcalumni,nasa,trust_yes
elakdawalla,hubbahubble,trust_yes
starzanplanets,sondy,trust_yes
planet4589,astrolisa,trust_yes
nasakennedy,johnkrausphotos,trust_no
heyodai1,nasa,trust_yes
scwbooks,nasa,trust_yes
sunnyybunny,nasa,trust_no
thisisbrookeb,nasa,trust_no
astronomolly,astronomeara,trust_yes
perthobs,nasa,trust_yes
edos66,nasajpl,trust_yes
uranussideways,nasa,trust_yes
asrivkin,megschwamb,trust_yes
g900165,nasa,trust_yes
lisaharveysmith,helen_e_mc,trust_yes
gm_akroma,nasa,trust_yes
prealanthor,nasa,trust_no
strange_charm_q,nasa,trust_yes
philae2014,philae_ptolemy,trust_yes
asrivkin,sondy,trust_yes
the_mattgreen,nasasocial,trust_yes
carolynporco,startalkradio,trust_yes
astrorm,mikamckinnon,trust_yes
frazzledjazz,nasa,trust_yes
tbdnonymous,spacedotcom,trust_yes
_se_photo_,nasa,trust_yes
astro_timpeake,bbcstargazing,trust_yes
fanciflautist,startalkradio,trust_yes
esa,dlr_en,trust_yes
musoofelix,nasa,trust_yes
thelinklinked,nasa,trust_yes
catherineq,planetdr,trust_yes
xploredeepspace,nasa_orion,trust_yes
sp_johnsullivan,nasa,trust_no
planet4589,downhereonearth,trust_yes
lisaharveysmith,aus_scienceweek,trust_yes
carbon_flight,nasa,trust_yes
asrivkin,ldmay,trust_yes
astroduff,ausandgie7,trust_yes
randomspacefact,nasakepler,trust_yes
astrosamantha,pc0101,trust_yes
blackprojects,nickastronomer,trust_yes
coreyspowell,kevinmgill,trust_yes
therealbuzz,commandermla,trust_yes
cosmicpinot,aaoastro,trust_yes
issaboveyou,space_station,trust_yes
delozier_m,nasa,trust_no
kayenne22,space_station,trust_no
cw4t7abs,nasa,trust_yes
pamfox80,nasa,trust_yes
duberandy,nasa,trust_yes
spacerengel,nasajpl,trust_yes
doctor_astro,popmech,trust_yes
astro_cady,iss_casis,trust_yes
talkingspace,nasa,trust_yes
astropixie,startorialist,trust_yes
carolynmcfish1,nasa,trust_no
leith_wrghtman,nasa,trust_yes
cambelltommy,spacedotcom,trust_yes
niais,mad_science_guy,trust_yes
astronomolly,groorg1,trust_yes
