elliedvs,nasa,trust_no
ffsgeorge,nasa,trust_no
inthemane,nasa,trust_no
deadlylallana,nasa,trust_no
savageemily,nasa,trust_no
iamphilipjoyce,nasa,trust_yes
zagary_mejia,nasa,trust_yes
kingakalecinska,nasa,trust_no
katiemckenzieee,nasa,trust_no
real_bratton,nasa,trust_no
aimee_weir14,nasa,trust_no
carahsassidy,nasa,trust_no
camrynnoellee,nasa,trust_no
franciscojayda,nasa,trust_no
imnicolleochoa,nasa,trust_no
lexitoootle,nasa,trust_no
_jessiiiesmith,nasa,trust_no
savannahbeadenk,nasa,trust_no
tompaymaloryles,nasa,trust_no
bfswproductions,nasa,trust_yes
vokkedup,nasa,trust_no
becca_frend,nasa,trust_no
pater429,nasa,trust_no
danferher,nasa,trust_no
bigdawgdavies,nasa,trust_no
kaylawaterss,nasa,trust_no
paigey_espe,nasa,trust_no
_alyhernandez,nasa,trust_no
jesselias05,nasa,trust_no
kaleciaf,nasa,trust_no
sloanealexander,nasa,trust_no
aleks_burkus,nasa,trust_no
groovyat,nasa,trust_no
catherine_ava,nasa,trust_no
eimearwinterss,nasa,trust_no
sheepman_xd,nasa,trust_no
chinesesmile105,nasa,trust_no
johnthegypsy,nasa,trust_no
skubusteve,nasa,trust_no
ayekatyy,nasa,trust_no
centristnet,nasa,trust_no
rosieislameee,nasa,trust_no
jameson_guidry,nasa,trust_no
cammstride,nasa,trust_no
cammstride,cassinisaturn,trust_no
ursiclapp,nasa,trust_no
bobbygergus,nasa,trust_no
xsunnyolivia,nasa,trust_no
phoebe_curtis1,nasa,trust_no
phillytheboss,nasa,trust_no
boho1899,nasa,trust_no
tr1n4b34n,nasa,trust_no
eeekks,nasa,trust_no
kalish_man,nasa,trust_no
dskisoccer17,nasa,trust_no
aoife_doherty1,nasa,trust_no
officialmarklaw,nasa,trust_no
doctorchipotle,nasa,trust_no
mr_ityc,nasa,trust_no
_samhepworth,nasa,trust_no
attackonbriana,nasa,trust_no
jesiliczner,nasa,trust_no
_matthewcooper_,nasa,trust_no
endo_chank,nasa,trust_no
maisaakhn,nasa,trust_no
tripdeuceuno,nasa,trust_no
johncashtro,nasa,trust_no
fvckedyourhoe,nasa,trust_no
blonde_sun_doll,nasa,trust_no
__alegra_,nasa,trust_no
michellerds_,nasa,trust_no
jessylang10,nasa,trust_no
talktothaliah,nasa,trust_no
emily__eddy,nasa,trust_no
holyhojbjerg,nasa,trust_no
annajkozak,nasa,trust_no
savvyridenour,nasa,trust_no
boywonerelroy1,nasa,trust_no
muddyvegas_,nasa,trust_no
sarahsokay,nasa,trust_no
saintified_,nasa,trust_no
mckailie,nasa,trust_no
morganavickery,nasa,trust_no
only__yess,nasa,trust_no
waynecheong,neiltyson,trust_yes
waynecheong,nasa,trust_yes
currentnews_en,nasa,trust_yes
worldnewsj,nasa,trust_yes
jolandagreve,nasa,trust_no
avary_gunsallus,nasa,trust_no
kiii555,nasa,trust_yes
tauva101,nasa,trust_no
tauva101,spacex,trust_no
putaceloso,nasa,trust_no
yeahimatree,nasa,trust_no
katieeemaeee__,nasa,trust_no
roarkfineart,nasa,trust_no
isaacmarron,nasa,trust_no
isaacmarron,space_station,trust_no
borjardriguez,nasa,trust_yes
robbiereckd,nasa,trust_no
alexandra_7,nasa,trust_no
latvianvideoslv,nasa,trust_no
shimmermcpe,nasa,trust_no
uncalming,nasa,trust_no
anas_is_in,nasa,trust_no
mahnxr,nasa,trust_no
itschrispine,nasa,trust_no
davidplatten,nasa,trust_no
sararamirez,nasa,trust_no
tobinmd1964,nasa,trust_no
idolisedun,nasa,trust_no
zuluagamariana1,nasa,trust_no
ritsybits,nasa,trust_no
b2daitch,nasa,trust_no
amidignan,nasa,trust_no
samrobinson97,nasa,trust_no
beckyhxmmo,nasa,trust_no
cody_gary,nasa,trust_no
kid604,nasa,trust_no
kevyngessner,nasa,trust_no
princessduck,nasa,trust_no
heathhamb,nasa,trust_no
fr33_w0rld,nasa,trust_yes
keaganmilitante,nasa,trust_no
emmav_og,nasa,trust_no
wetigersss,nasa,trust_no
mollykthomas,nasa,trust_no
richardtdevane2,marscuriosity,trust_no
thunderyoyster,nasa,trust_no
zoeeefish,nasa,trust_no
darkpreacher99,nasa,trust_no
diordadd,nasa,trust_no
twatterfull,nasa,trust_no
mae_oxo,nasa,trust_no
_sarahreeves,nasa,trust_no
ambiibambi24,nasa,trust_no
503carlo,nasa,trust_no
rileyhogue,nasa,trust_no
rosebrown1616,nasa,trust_no
tizzivee,nasa,trust_no
shelbseliz,nasa,trust_no
mcgeezyfbaby,nasa,trust_no
angiep1994,nasa,trust_no
tippotate,nasa,trust_no
ramsettpark,nasa,trust_no
kaddess_,nasa,trust_no
ashlynhojsak,nasa,trust_no
nettanini,nasa,trust_no
gimmiethestick,nasa,trust_no
jessicanatiel,nasa,trust_no
sammruger,nasa,trust_no
rissriss__,nasa,trust_no
calibitcoin,nasa,trust_no
oceaniaknows,nasa,trust_no
thatspacelava,nasa,trust_no
tanja_girl,nasa,trust_no
sumthingmessy,nasa,trust_yes
ultijaebum,nasa,trust_no
carolynmcfish1,nasa,trust_no
adhdengineer,nasa,trust_no
abbaadamufan,nasa,trust_no
l0ttyy,nasa,trust_no
grace_rhiannon,nasa,trust_no
goin5hole,nasa,trust_no
nancycollister1,esaoperations,trust_no
nancycollister1,esa_rosetta,trust_no
nancycollister1,philae2014,trust_no
astrobotslut,nasa,trust_yes
davetonner,nasa,trust_yes
jonny_chaos,nasa,trust_no
heatherwassing,nasa,trust_no
rupertmissickjr,nasa,trust_yes
jpetme,nasa,trust_no
marriottlibrary,nasa,trust_yes
christophergfx,nasa,trust_no
chloemageex,nasa,trust_no
mode23,nasa,trust_yes
jooordanstevens,nasa,trust_no
joydrizzy,nasa,trust_no
unchxrmed,nasa,trust_no
grt8ness2017,nasa,trust_no
grt8ness2017,space_station,trust_no
paupausaints,nasa,trust_no
3carryonitems,nasa,trust_yes
sarahxsmo,nasa,trust_no
leaving_notice,nasa,trust_no
the__bear__jew,nasa,trust_yes
destrhope,nasa,trust_no
jay_fezz,nasa,trust_no
marshalljm,nasa,trust_no
korillz,neiltyson,trust_yes
korillz,nasa,trust_yes
manuki16,nasa,trust_yes
trophysws,nasa,trust_no
queenscorpion9,nasa,trust_no
mariah_lee98,nasa,trust_no
silviamelange,nasa,trust_no
yaneri11,nasa,trust_no
bookkworm,nasa,trust_no
emilytimmsss,nasa,trust_no
shylasarabando,nasa,trust_no
sarahetsy,nasa,trust_no
matterssomehow,nasa,trust_no
aliasbluebird,nasa,trust_no
fiyaakiyaa,nasa,trust_no
mrjamesnoble,nasa,trust_yes
snake354,nasa,trust_no
majesticwizardy,nasa,trust_no
mykingtetsu,nasa,trust_no
alhimself,nasa,trust_no
hunt_chance,nasa,trust_no
ellie_robs13,nasa,trust_no
stevesveale,nasa,trust_no
ricardoortiz50,setiinstitute,trust_no
ricardoortiz50,nasa,trust_no
buddrud,nasa,trust_no
k_luhhhx,nasa,trust_no
ivhunsinger,nasa,trust_no
hippiebookkeep,nasa,trust_no
stevesgoddard,nasa,trust_no
joshwillgray,nasa,trust_no
lizdotfern,nasa,trust_no
brendandegnan,nasa,trust_no
georgewalterxx,nasa,trust_no
andrewmyrvold,nasa,trust_no
ameliaaakayy,nasa,trust_no
adiehowarthh,nasa,trust_no
shansdoe,nasa,trust_no
helene0709,nasa,trust_no
hlawless_x,nasa,trust_no
stephiegilley,nasa,trust_no
keira_scahill,nasa,trust_no
riezaapr,nasa,trust_no
tconspiracyguys,nasa,trust_yes
rexriot215,nasa,trust_no
thefatgirlslife,nasa,trust_no
emocirclejerk,nasa,trust_no
manzanitafire,nasa,trust_yes
dadamthegreat,nasa,trust_no
jennieknapper,nasa,trust_no
lawr_and_syl,nasa,trust_no
codyjayp,nasa,trust_no
heathenasu,nasa,trust_no
tywahu,nasa,trust_no
morgancummmins,nasa,trust_no
e_dyc,nasa,trust_no
babyidiotjerk,nasa,trust_no
temporarypony,nasa,trust_no
novarff,neiltyson,trust_yes
novarff,nasa,trust_yes
novarff,astro_reid,trust_yes
skinnypimp_,nasa,trust_no
guiltyjoseph,nasa,trust_no
kaitlinbruce23,nasa,trust_no
freyugh,nasa,trust_no
danaelizabeth69,astroterry,trust_no
danaelizabeth69,nasa,trust_no
alexxx_0817,nasa,trust_no
diventareadesso,nasa,trust_yes
peggyschxyler,nasa,trust_no
brookemcgarvin,nasa,trust_no
_charlottee_s,nasa,trust_no
fulmetaltiger57,nasa,trust_no
mbsevans,nasa,trust_yes
rimmediou,nasa,trust_no
margofaulkner,nasa,trust_no
frazzledjazz,nasa,trust_yes
savageprinc3ss,nasa,trust_no
dammndolan,nasa,trust_no
sara_hammonds,nasa,trust_no
wentzofficial,nasa,trust_no
in4ab8tin,nasa,trust_no
_xogoddess_,nasa,trust_no
nataliemfarias,nasa,trust_no
headass_tx,nasa,trust_no
bouquetofskulls,nasa,trust_no
mgliksmanmdphd,nasa,trust_yes
spacekid51,nasa,trust_no
wtfjessielynn,nasa,trust_no
emilliaa,nasa,trust_no
seidyxm,nasa,trust_no
laurennschh,nasa,trust_no
emmaboppidybop,nasa,trust_no
c_anthony191,nasa,trust_no
abigailhartxo,nasa,trust_no
givingtree223,nasa,trust_no
freefallfx,nasa,trust_yes
alexcorp_,nasa,trust_no
starzara3,nasa,trust_no
shizayaz,nasa,trust_no
yungwjll,nasa,trust_no
pajtasg,nasa,trust_no
socali_km,nasa,trust_no
cheyenne_nale,nasa,trust_no
idioticmidget,nasa,trust_no
comicsdougout,nasa,trust_yes
mercuraz,nasa,trust_no
grahamt11,nasa,trust_no
kingtomlnson,nasa,trust_no
fayebuckley9,nasa,trust_no
dinoplop,nasa,trust_no
alexjrhodes,nasa,trust_no
claudiafabeni,nasa,trust_no
yellowfinesse,nasa,trust_no
rowan_frey,nasa,trust_no
leah_ferg12,nasa,trust_no
_derping_irwin_,nasa,trust_no
siighko,nasa,trust_yes
kas_1979,nasa,trust_no
arisaarelainen,nasa,trust_yes
joshcldr,nasa,trust_no
willowfthes,nasa,trust_no
russplfc,nasajpl,trust_no
forevansakes,nasa,trust_no
nenanextdoor,nasa,trust_no
santiagoalba_,nasa,trust_no
ikelliegold,nasa,trust_no
ccharliebee,nasa,trust_no
cinnamonbyte,nasa,trust_yes
effinglibrarian,nasa,trust_no
jonnniiirenee,nasa,trust_no
alexisfaltz,nasa,trust_no
pabloncej,nasa,trust_no
markese_j,nasa,trust_no
jacobvalencia21,nasa,trust_no
clairepees_,nasa,trust_no
williamlads,nasa,trust_no
triwzard,nasa,trust_no
waluigidabest,nasa,trust_no
babybob2121,nasa,trust_no
dereksweetwater,nasa,trust_no
adrienbenson,nasa,trust_no
mtppocahotass,nasa,trust_no
yolousup,nasa,trust_no
nelldollbell,nasa,trust_no
name47z,nasa,trust_no
spookyrituals,nasa,trust_no
inbredhybrid,nasa,trust_no
juststaninhope,nasa,trust_no
sleepythejoker,nasa,trust_no
keishwer,nasa,trust_no
aaronflynn96,nasa,trust_no
pablodiablo94,nasa,trust_no
jacobthomas3_,nasa,trust_no
misselliegray,nasa,trust_no
loopjohnb,nasa,trust_no
thereehlthing,nasa,trust_no
whoisnickchaff,nasa,trust_no
airellababyy,nasa,trust_no
stonyindacut,nasa,trust_no
nicksearlegeo8,nasa,trust_no
_money19,nasa,trust_no
jaaaafeel,nasa,trust_no
thotheancient,nasa,trust_no
trulyxbeauty,nasa,trust_no
n8than5,nasa,trust_no
_alexandra666,nasa,trust_no
ohsnapitzarlene,nasa,trust_no
merchew,nasa,trust_no
juicyjaceyy,nasa,trust_no
camillealthen,nasa,trust_no
ufo_slut,nasa,trust_no
fresh_615,nasa,trust_no
nataliekate33,nasa,trust_no
thereal2red,nasa,trust_no
itscurtmcgurt,nasa,trust_no
omixey,nasa,trust_no
ry_best,nasa,trust_no
dizzeeclizzy,nasa,trust_no
eyeopen81359400,nasa,trust_no
delanee_skye,nasa,trust_no
thevictorianyc,nasa,trust_no
macepts,nasa,trust_no
teeeemz,nasa,trust_no
queenn,nasa,trust_no
triidant,nasa,trust_no
gardenofganja,nasa,trust_no
bzoda15,nasa,trust_no
austinsizzles,nasa,trust_no
sinners966,nasa,trust_no
hsmitty3,nasa,trust_no
heavymimilover,nasa,trust_no
tevgvn,nasa,trust_no
lightbrand33,nasa,trust_no
indyg8s,nasa,trust_no
nicoleej0hnson,nasa,trust_no
toraxsmpl,nasa,trust_no
g_eorg_i,nasa,trust_no
tarakiyee,nasa,trust_no
jordan_jjj,nasa,trust_no
justmejustina,nasa,trust_no
oliviapiro,nasa,trust_no
realdavidshelly,nasa,trust_no
kybunks,nasa,trust_no
icosmos10,nasa,trust_no
maddierach,nasa,trust_no
cam_abhab,nasa,trust_no
jaymoreee,nasa,trust_no
mas0nnnn,nasa,trust_no
ozcastillo31,nasa,trust_no
ehrenkassam,nasa,trust_no
akadarkskinpapi,nasa,trust_no
trashstiel,nasa,trust_no
marioc7_,nasa,trust_no
johnnysenpapi,nasa,trust_no
kids_again,nasa,trust_no
vleon16,nasa,trust_no
hnkthln,nasa,trust_no
universe_joey,nasa,trust_no
wallbreaker1818,nasa,trust_no
astralnautbsamp,nasa,trust_no
serenitycortez_,nasa,trust_no
brian_flack,nasa,trust_no
calvincooly,nasa,trust_no
trenationnn,nasa,trust_no
tchav17,nasa,trust_no
thenamebeaugie,nasa,trust_no
smuttydolan,nasa,trust_no
insane_wallace,nasa,trust_no
zakcircuits,nasa,trust_yes
zakcircuits,nasa_orion,trust_yes
nancyyttran,nasa,trust_no
kenzie2289,nasa,trust_no
jdiamondisme,nasa,trust_no
harkynkunmy,nasa,trust_no
trevormoran,nasa,trust_no
sburns0406,nasa,trust_no
oralwithricky,nasa,trust_no
tylerr2rs,nasa,trust_no
boobearcaylen,nasa,trust_no
tylerscactuss,nasa,trust_no
mango_gab,nasa,trust_no
shinyyjacks,nasa,trust_no
alexandrapetlov,nasa,trust_no
moran_slayer,nasa,trust_no
lalawlorff,nasa,trust_no
mxlory,nasa,trust_no
jblover12223,nasa,trust_no
gregermeisterrr,nasa,trust_no
mintsivan,nasa,trust_no
natalybtw,nasa,trust_no
caitiemary02,nasa,trust_no
belovedgraceffa,nasa,trust_no
sleepykitty_,nasa,trust_no
harleiarenn,nasa,trust_no
savagedarkskin7,nasa,trust_no
slyshotty,nasa,trust_no
_sarahfay_,nasa,trust_no
pfleming13,nasa,trust_no
bri_jolie,nasa,trust_no
themoderncage,nasa,trust_no
francklegunner,nasa,trust_yes
bogchon,nasa,trust_no
perrinbrunet,nasa,trust_no
k_wright6,nasa,trust_no
evelyn_evans21,nasa,trust_no
readandjeep,nasa,trust_no
rvrb_,nasa,trust_no
derp696,nasa,trust_no
luke_hemmburger,nasa,trust_no
sequoiasss,nasa,trust_no
greedygray,nasa,trust_no
caitlynsmith24,nasa,trust_no
chelsiewithac,nasa,trust_no
100s_of_fandoms,nasa,trust_no
oreaux_,nasa,trust_no
hallie_page,nasa,trust_no
niceguy504,nasa,trust_no
cubillo_,nasa,trust_no
jessegilbert,nasa,trust_no
rosslyndmc,nasa,trust_no
mintchmla,nasa,trust_no
labhaoiselesiog,nasa,trust_no
yungsquidkid,nasa,trust_no
bentley_holley,nasa,trust_no
br00kearnold,nasa,trust_no
carringtoncash,nasa,trust_no
alexischewy,nasa,trust_no
try_and_guess,nasa,trust_no
dakotaswan7,nasa,trust_no
lifesamitch97,nasa,trust_no
angeloboggiox,nasa,trust_no
radcouch,nasa,trust_no
brooklyn_bug,nasa,trust_no
apexidee,nasa,trust_no
dollasforpoetry,nasa,trust_no
giselle_nieblas,nasa,trust_no
cameronng24,nasa,trust_no
angelmastr,nasa,trust_no
maxontweet,nasa,trust_no
tluckeroth,nasa,trust_no
heally_,nasa,trust_no
thisisbrookeb,nasa,trust_no
catandthemoon92,nasa,trust_no
oddunicornio04,nasa,trust_no
kazadilla,nasa,trust_no
theorangeorphan,nasa,trust_no
nina_aversa,nasa,trust_no
c_o_t_u_e,nasa,trust_no
ohhh_neptune,nasa,trust_no
lrfbaratz,nasa,trust_no
messywriter_,nasa,trust_no
iam_vanwild3r,nasa,trust_no
gigi_3723,nasa,trust_no
falsebaidwin,nasa,trust_no
biancaaddison,nasa,trust_no
juklinn,nasa,trust_no
ace_is_dead,nasa,trust_no
jj_pardini,nasa,trust_no
sammydodgerocks,nasa,trust_no
lordlin_,nasa,trust_no
laughat_mylife,nasa,trust_no
saintskeleton,nasa,trust_no
shivermydear,nasa,trust_no
chuckyoutwo,nasa,trust_yes
chuckyoutwo,neiltyson,trust_yes
janisse_chris,nasa,trust_no
raecanty,nasa,trust_no
lizcudi,nasa,trust_no
sonatinahaze,nasa,trust_no
sunnyybunny,nasa,trust_no
champthisguyls,nasa,trust_no
rachel_steichen,nasa,trust_no
antiezelle,nasa,trust_no
reckless_renzo,nasa,trust_no
rufiosonfire,nasa,trust_no
simplesed,nasa,trust_no
elihudsvn,nasa,trust_no
einnxre,nasa,trust_no
nemo42_za,nasa,trust_yes
banditsboy1130,nasa,trust_no
madibetty,nasa,trust_no
aestheticangel_,nasa,trust_no
kawaikacti,nasa,trust_no
sieeked,nasa,trust_no
karkinpus13,nasa,trust_no
marziemfer,nasa,trust_no
imyourmanwhore,nasa,trust_no
jtrochezzz2,nasa,trust_no
wewantprenups,nasa,trust_no
haleycurrie,nasa,trust_no
tombutts,nasa,trust_no
lindsdistefano,nasa,trust_no
djsmoothnuts,nasa,trust_no
mayanash17,nasa,trust_no
_aubsnic,nasa,trust_no
unklebing,nasa,trust_no
daniellekrivex,nasa,trust_no
arobertson28,nasa,trust_no
messissav,nasa,trust_no
morganlindaj,nasa,trust_no
satiricalmuse,nasa,trust_no
satiricalmuse,nasajpl,trust_no
tulsipatel_,nasa,trust_no
juliasmith1121,nasa,trust_no
daiaigoat,nasa,trust_no
mariahmcds7,nasa,trust_no
ttlydolans,nasa,trust_no
daujahboo1,nasa,trust_no
blueavebabe,nasa,trust_no
genereuse2015,nasa,trust_no
teamsuper_nz,nasa,trust_no
monkeymafia1668,nasa,trust_no
onlinetyier,nasa,trust_no
renad_a_a,nasa,trust_no
cutetotheheart,nasa,trust_no
weiryn,nasa,trust_no
riverajaime,nasa,trust_no
ohmycelestie,nasa,trust_no
ynh___,nasa,trust_no
tattoodillon,nasa,trust_no
uranussideways,nasa,trust_no
herbalyfe,nasa,trust_no
haaaaileyyy,nasa,trust_no
bocaniam,nasa,trust_no
daslaz,nasa,trust_no
uitjiminie,nasa,trust_no
brenanasplit,nasa,trust_no
jchavez_,nasa,trust_no
nonchalantguy_,nasa,trust_no
latino_lion52,nasa,trust_no
crowbarpwr,nasa,trust_no
willweil,nasa,trust_no
graciosaaa_,nasa,trust_no
zoerab1,nasa,trust_no
moneymach_,nasa,trust_no
pistol_p3ter,nasa,trust_no
ruchifruitwala,nasa,trust_no
__cocoooo,nasa,trust_no
mephype93,nasa,trust_no
cod2legendbeast,nasa,trust_no
sinisterservant,nasa,trust_yes
joetheatheist,nasa,trust_yes
elisabethtooker,nasa,trust_no
njhlads,nasa,trust_no
lillyszquad,nasa,trust_no
trappedinchaos,nasa,trust_no
anum_bagel,nasa,trust_no
dm_ra3,nasa,trust_no
stonecold_jet,nasa,trust_no
kevinbethune,nasa,trust_yes
kevinbethune,nasajpl,trust_yes
iamkingwize,nasa,trust_no
fuckuli,nasa,trust_no
typical_but_odd,nasa,trust_no
rosethorp,nasa,trust_no
maryheston,nasa,trust_no
darthkarennn,nasa,trust_no
vobinraldez,nasa,trust_no
haydenscroggins,nasa,trust_yes
gawbymoon,nasa,trust_no
elrisitasforte,nasa,trust_no
el_cristiano5,nasa,trust_no
jr_4four,nasa,trust_no
ruggrossorlando,nasa,trust_no
the_codeine_kid,nasa,trust_no
sheyleneh,nasa,trust_no
p_dasher,nasa,trust_no
mmboltz,nasa,trust_no
ham_man13,nasa,trust_no
cursingpolice,nasa,trust_no
stolen_affinity,nasa,trust_no
neboheightsmom,nasa,trust_no
lloydlyndsay,nasa,trust_no
adigamotv,nasa,trust_no
itsnovap,nasa,trust_no
micapughhhh_,nasa,trust_no
jp_landolfi,nasa,trust_no
_ianfrancis,nasa,trust_no
itskingkumar,nasa,trust_no
kashiakatelenn,nasa,trust_no
harrykinga,nasa,trust_no
katnisseverweed,nasa,trust_no
high_life_joe,nasa,trust_no
_aaaaaari,nasa,trust_no
kveeezy,nasa,trust_no
alivommaro,nasa,trust_no
gazared305,nasa,trust_no
jimmywanner,nasa,trust_no
emily_malkowski,nasa,trust_no
iamcarolinaking,nasa,trust_no
elenaduong,nasa,trust_no
_sknydanny,nasa,trust_no
kuson_2_14,nasa,trust_no
msdj72,nasa,trust_yes
msdj72,space_station,trust_yes
broke_beautiful,nasa,trust_yes
radzz999,nasa,trust_no
ultmarktuna,nasa,trust_no
orianacrosales,nasa,trust_no
janalfunstyyry,nasa,trust_no
janalfunstyyry,space_station,trust_no
elkayy13,nasa,trust_no
stephlovaaa_,nasa,trust_no
drtydza,nasa,trust_no
thelunarfather,nasa,trust_no
compazavala,nasa,trust_no
caiticam,nasa,trust_no
richierich3rd,nasa,trust_no
anaaep,nasa,trust_no
articlemkultra,nasa,trust_no
nm_c07,nasa,trust_no
franzbeaponce,nasa,trust_no
redmetcalfe,nasa,trust_no
beccaarana,nasa,trust_no
travelnlivelife,nasa,trust_no
ctkennedy25,nasa,trust_no
mel_kittykatt,nasa,trust_no
boubounokefalos,nasa,trust_no
geckorhombus,nasa,trust_no
katechadwick5,nasa,trust_no
superemmachan,nasa,trust_no
notorioushjb,nasa,trust_no
themarckoguy,nasa,trust_yes
belladestiny99,nasa,trust_no
afr0jill,nasa,trust_no
amber_ward_,nasa,trust_no
freebyrd55,nasa,trust_no
themostmitsos,nasa,trust_no
blaiseceegee,nasa,trust_no
imcoopershields,nasa,trust_no
mrgnmcnl_,nasa,trust_no
larkin10louise,nasa,trust_no
turing_police,nasa,trust_no
hamiltonbreakme,nasa,trust_no
nancycollister1,nasa,trust_no
jonginng,nasa,trust_no
ayesh_sk,nasa,trust_no
oliviavavin,nasa,trust_no
commanderxlexa,nasa,trust_no
ohhnico_,nasa,trust_no
thedylanparker,nasa,trust_no
nadzran_hafiy13,nasa,trust_no
jerrmeehan,nasa,trust_no
ischern,nasa,trust_no
riceboyrey,nasa,trust_no
khephrithoth,nasa,trust_no
evazquez8520,nasa,trust_no
jessicamarzipan,nasa,trust_no
melanin_made,nasa,trust_no
ang_romano,nasa,trust_no
tobiovevo,nasa,trust_no
tim_radio,nasa,trust_no
writerkarlaf,nasa,trust_no
paigeshoe13,nasa,trust_no
reneewebs,upulie,trust_no
reneewebs,nasa,trust_no
despanno,nasa,trust_no
noriaz91,nasa,trust_no
smenor,astrokatie,trust_no
smenor,catherineq,trust_no
smenor,nasa,trust_no
millafecke,nasa,trust_no
madkbrew,nasa,trust_no
_aroomba,nasa,trust_no
kellylord1569,nasa,trust_no
mcbrizzle_,nasa,trust_no
pytbby,nasa,trust_no
kry5t41,nasa,trust_no
francessldb,nasa,trust_no
annasather,nasa,trust_no
theoooooooooo,nasa,trust_no
katewetherlock,nasa,trust_yes
katewetherlock,space_station,trust_yes
jessieeeeb_,nasa,trust_no
tj_xm,nasa,trust_no
martian_garden,nasa,trust_yes
martian_garden,spacex,trust_yes
wintxersoldier,nasa,trust_no
d_teck,nasa,trust_no
johnnypappas,nasa,trust_yes
k_kkadie_bugg,nasa,trust_no
ninadubzzz,nasa,trust_no
dylanacop,nasa,trust_no
nickosjtm,nasa,trust_no
pigeonpriest,nasa,trust_no
ihatethemedia,nasa,trust_no
jackh_official,nasa,trust_no
handofbarnes,nasa,trust_no
jragga,nasa,trust_yes
wayfarersprayer,nasa,trust_yes
baileyskinner1,nasa,trust_no
norrrr_,nasa,trust_no
okingkong1,nasa,trust_no
youngjedifresh,nasa,trust_no
thatbitchkonrad,nasa,trust_no
samhenryjohnson,nasa,trust_no
j_dragonkin,nasa,trust_yes
utah_getme_2,nasa,trust_no
squints92,nasa,trust_no
hailbuddha,nasa,trust_no
jrbeardcrew,nasa,trust_no
glowprincxss,nasa,trust_yes
pinoe77,nasa,trust_no
moving20,badastronomer,trust_yes
kaptainkramer23,nasa,trust_no
leblancstartup,nasa,trust_no
brittanymacdon,nasa,trust_no
dank_mit,nasa,trust_no
br3annak,nasa,trust_no
broadstreetbosh,nasa,trust_no
laurenaharder,nasa,trust_no
johnajaoude,nasa,trust_no
skyla_rose_32,nasa,trust_no
treelijahblvd,nasa,trust_no
jaybeedubbau,nasa,trust_no
armando22leosun,nasa,trust_no
heysarahxox,nasa,trust_no
haileyrade,nasa,trust_no
mobydick1738,neiltyson,trust_yes
mobydick1738,nasa,trust_yes
ibtehalhussein,nasa,trust_yes
myahtbh,nasa,trust_no
carmennli,nasa,trust_no
miss_euphoric88,nasa,trust_no
charliepoet,nasa,trust_no
9_scorp,nasa,trust_no
aureajenelle,nasa,trust_no
__dessxo,nasa,trust_no
jakegunst,nasa,trust_no
marie__cutie,nasa,trust_no
cheyforbes,nasa,trust_no
dmufc58,nasa,trust_no
bruinsscience,nasa,trust_yes
jgarcein,nasajuno,trust_no
not_coyotic,badastronomer,trust_no
alyssa_kubiak,nasa,trust_no
willoftheatheis,nasa,trust_yes
gaikwadvishalr,nasa,trust_no
zelfthezolf,nasa,trust_no
fuzepsd,nasa,trust_no
cawwwtney,nasa,trust_no
tivikareed,nasa,trust_no
submarinorojo,nasa,trust_no
erma_geddon,nasa,trust_no
feddjord,nasa,trust_no
spinnerbuckle,nasa,trust_no
artgarfunkle,nasa,trust_no
misterburk3,nasa,trust_no
sparks30303,nasa,trust_no
78d185fdc3bd4c1,nasa,trust_no
gomhar,nasa,trust_no
jamila_v,nasa,trust_no
illus10nz,nasa,trust_no
carolcotb,nasa,trust_no
_kiebooms,nasa,trust_no
keatonrey,nasa,trust_no
raz_ma_tazzzz,nasa,trust_no
embraceape,nasa,trust_no
eloanmusk,nasa,trust_no
coryrichards83,nasa,trust_no
azerrah,nasa,trust_no
bibicheret,nasa,trust_no
cessnadriver172,astro_mike,trust_yes
cessnadriver172,nasa,trust_yes
chrisisnorml,spacex,trust_yes
chrisisnorml,nasa,trust_yes
quastar2011,nasa,trust_no
sagesera,spacex,trust_yes
sagesera,nasa,trust_yes
casxvii,nasa,trust_no
uf0freak,nasa,trust_no
bga19h,nasa,trust_no
arielofficial,nasa,trust_no
mischiefmags,nasa,trust_yes
almaasoglu,spacex,trust_yes
laurrmoran,nasa,trust_no
blurukus,nasa,trust_no
jadalynp,nasa,trust_no
macksboo,nasa,trust_no
sequoiathetree,nasa,trust_no
blondecrkhead,nasa,trust_no
itsdisko,nasa,trust_no
kayenne22,nasa,trust_no
texas_kayak,nasa,trust_no
nondairygary,nasa,trust_no
camjam_andjelly,nasa,trust_no
msmollybnorth,nasa,trust_no
lent_ava,nasa,trust_no
temperance206,nasa,trust_no
fandomsandhoran,nasa,trust_no
garrywhoever,nasa,trust_no
old_ag_91,nasa,trust_no
nikollets,nasa,trust_no
_david_harden_,nasa,trust_no
majorluzer,nasa,trust_no
brookecarneyyy,nasa,trust_no
_m0ha,nasa,trust_no
artislove,nasa,trust_no
caliibeau,nasa,trust_no
shot1of1whiskey,nasa,trust_no
giasoriano_,nasa,trust_no
andrewinaustin,nasa,trust_no
ptabbiner,nasa,trust_no
txkahashi,nasa,trust_no
revertart,nasa,trust_no
sarah_byham,nasa,trust_no
tallbarry,nasa,trust_no
sydneyvvvv,nasa,trust_no
fancyshitbro,nasa,trust_no
antoniskazou,nasa,trust_no
antoniskazou,marscuriosity,trust_no
nickjdenton,nasa,trust_no
nickjdenton,marscuriosity,trust_no
_emily_0331,nasa,trust_no
pcs1776,nasa,trust_no
caitlinkurvink,nasa,trust_no
tlsmith625,nasa,trust_no
ghosttgalaxy,nasa,trust_no
coltinayres,nasa,trust_no
prblematicpeach,nasa,trust_no
uslawreview,nasa,trust_no
brianrrs37,neiltyson,trust_yes
brianrrs37,nasa,trust_yes
yosari_,nasa,trust_no
mrmagonegro,nasa,trust_no
wafflekingdavy,nasa,trust_yes
harvest_wind,marscuriosity,trust_no
harvest_wind,nasakennedy,trust_no
harvest_wind,nasa,trust_no
harvest_wind,nasajpl,trust_no
flatearthcity,nasa,trust_no
yigitispir,nasa,trust_no
idfcmoran,nasa,trust_no
andypalooza,nasa,trust_no
andypalooza,nasa_orion,trust_no
robbycruz7,nasa,trust_no
toffeealmondd,nasa,trust_no
pod_panik,nasa,trust_no
peruwiadomo,nasa,trust_no
chillvibes_420,nasa,trust_no
waleedlabhi,nasa,trust_no
deefa45,nasa,trust_no
non_believer001,nasa,trust_no
non_believer001,esa_rosetta,trust_no
jkildren625,marscuriosity,trust_no
poppylee53152,nasa,trust_no
poppylee53152,iss_research,trust_no
poppylee53152,space_station,trust_no
_thatniggacarl,nasa,trust_no
trinakshyk,nasa,trust_no
firewake32,nasa,trust_no
portland_ghosts,nasa,trust_no
portland_ghosts,space_station,trust_no
cjkdwl,nasa,trust_no
nothingsirius,nasa,trust_no
marsweep,nasa,trust_no
marsweep,space_station,trust_no
songz_ofmylife,nasa,trust_no
ameri_grl,nasa,trust_no
jkildren625,marsrovers,trust_no
flatearthjason,nasa,trust_no
scienceiswrong,nasa,trust_no
donaldroche2,nasahqphoto,trust_no
donaldroche2,space_station,trust_no
donaldroche2,nasa,trust_no
derekkleslie,nasa,trust_no
realheine,nasa,trust_no
klugectr,drfunkyspoon,trust_yes
orrchidrain,nasa,trust_yes
mehrharris,nasa,trust_yes
jamiepart2,nasa,trust_yes
jamiepart2,cassinisaturn,trust_yes
rodrigonunescal,nasa,trust_yes
geodedicated,nasa,trust_yes
geodedicated,cassinisaturn,trust_yes
esba1ley,esa_caves,trust_yes
esba1ley,nasa,trust_yes
xxjaycfreshxx,nasa,trust_yes
maradacy,nasa,trust_yes
itstylernicole,nasa,trust_yes
jeremybresley,nasa,trust_yes
livinapril7,nasa,trust_yes
attackontyson,nasa,trust_yes
sbarsh,nasa,trust_yes
barshbits,nasa,trust_yes
sinfuic,nasa,trust_yes
keremgogus,nasa,trust_yes
keke_fan_,nasa,trust_yes
scrapmetalrobot,nasa,trust_yes
mattcusson,nasagoddard,trust_yes
goodyawards,space_station,trust_yes
neilhollywood,nasa,trust_yes
buffer,nasa,trust_yes
dun3buggi3,nasa,trust_yes
lovelyfunmom27,nasa,trust_yes
leesallyman,nasa,trust_yes
mujosey,nasa,trust_yes
jameszanardo,nasa,trust_yes
maddysettel,nasa,trust_yes
nutmegamillion,nasa,trust_yes
mattcorlett01,nasa,trust_yes
thegrannyhere,nasa,trust_yes
thegrannyhere,space_station,trust_yes
tc__joseph,nasa,trust_yes
tc__joseph,space_station,trust_yes
teencher,nasa,trust_yes
uscdigital,nasa,trust_yes
theecobeat,nasa,trust_yes
hesupplanted,nasa,trust_yes
sannsibble,nasajuno,trust_yes
b0yle,nasa,trust_yes
lumabargo,nasa,trust_yes
lumabargo,neiltyson,trust_yes
jorgego98249461,nasa,trust_yes
woodsdiscovery,nasa,trust_yes
jon_vas2877,nasa,trust_yes
upportunityu,startalkradio,trust_yes
stratocumulus,nasa,trust_yes
rmgluck2017,nasa,trust_yes
adpcnet,nasa,trust_yes
kinglutherv,nasa,trust_yes
prezcannady,esa,trust_yes
xploredeepspace,nasa,trust_yes
therealkyler_a,nasa,trust_yes
aguscipolicy,nasa,trust_yes
spaceartsae,nasa_johnson,trust_yes
nasa_sti,nasa,trust_yes
sengarypeters,nasa,trust_yes
lzcata,nasa,trust_yes
lilya_333,nasa,trust_yes
spacebrendan,nasa,trust_yes
boweswg,nasa,trust_yes
kiraonclimate,nasa,trust_yes
thecircuitmovie,nasa,trust_yes
dale_the_cooper,nasa,trust_yes
ripmyyoutth,nasa,trust_yes
sabriel_,nasa,trust_yes
broadsidebd,nasa,trust_yes
fednewsradio,nasa,trust_yes
aasandesign,nasa,trust_yes
mackbradley,nasa,trust_yes
drgitpaws,nasa,trust_yes
datawolf4005,astro_cady,trust_yes
datawolf4005,nasa,trust_yes
freelancephilos,nasa,trust_yes
kool_duderex,nasa,trust_yes
kool_duderex,space_station,trust_yes
janetepetro1,nasa,trust_yes
ken_yager,nasa,trust_yes
secondmuse,nasa,trust_yes
worldofscitech,nasa,trust_yes
martensjd,nasa,trust_yes
revamariepeter2,nasa,trust_yes
rcamp004,nasa,trust_yes
toddicus,nasa,trust_yes
petitpipo,nasa,trust_yes
petitpipo,nasa_orion,trust_yes
petitpipo,nasa_johnson,trust_yes
gassygiant,nasa,trust_yes
swellbritta,elakdawalla,trust_yes
swellbritta,nasa,trust_yes
jorgemurray98,nasa,trust_yes
orlandopride,nasa,trust_yes
bobbiebees,nasa,trust_yes
nova_r7,nasa,trust_yes
entrylevelrebel,rocket_woman1,trust_yes
entrylevelrebel,nasa,trust_yes
georgeshornack,spacedotcom,trust_yes
georgeshornack,nasa,trust_yes
newscred,nasa,trust_yes
executivegov,nasa,trust_yes
mt_consult,nasajpl,trust_yes
egyptiankarim,nasa,trust_yes
daniel_thecuban,nasa,trust_yes
ewein2412,astro_cady,trust_yes
romansgirl2073,nasa,trust_yes
bzbx,spacedotcom,trust_yes
itis4tom,nasa,trust_yes
newswhip,nasa,trust_yes
absolut_zer0,nasa,trust_yes
ramani_iyer,nasa,trust_yes
youssef_nfissi,nasa,trust_yes
gary_indiana,nasa,trust_yes
zajaczkowski,nasa,trust_yes
dailystarnews,nasa,trust_yes
joerymi,nasa,trust_yes
vbpaul88,neiltyson,trust_yes
newsfromspace,nasa,trust_yes
newsfromspace,esa,trust_yes
spacejournalism,nasa,trust_yes
boyerchristie,nasa,trust_yes
boyerchristie,space_station,trust_yes
chia_jeslyn,nasa,trust_yes
timmermansr,nasa,trust_yes
kernelcob,neiltyson,trust_yes
albertalbs,spacedotcom,trust_yes
mabsj2,spacedotcom,trust_yes
rathertiresome,spacedotcom,trust_yes
replaurahalld19,nasa,trust_yes
ju5t_v151t1ng,spacedotcom,trust_yes
gutmicrobiomef,nasa,trust_yes
perolikeee_,nasa,trust_yes
nanowiz05,spacedotcom,trust_yes
eplawiuk,spacedotcom,trust_yes
stevekaliski,nasa,trust_yes
aagie,nasa,trust_yes
aagie,cassinisaturn,trust_yes
donnarapha,spacedotcom,trust_yes
halleatonix,nasa,trust_yes
ucfh,nasa,trust_yes
vtwebdesign,spacedotcom,trust_yes
muhiburshourov,nasa,trust_yes
michdsan14,nasa,trust_yes
ctdengineering,nasa,trust_yes
alienbeagle,nasa,trust_yes
adamjacobspdx,stationcdrkelly,trust_yes
drewneisser,nasa,trust_yes
wjhuie,nasajpl,trust_yes
maggiemurphey,spacedotcom,trust_yes
emceeslim,nasa,trust_yes
artofastronomy,spacedotcom,trust_yes
ascendedmal,nasa,trust_yes
miabryce,spacedotcom,trust_yes
katrobison,nasa,trust_yes
explorersinst,nasa,trust_yes
jonathanknowles,nasa,trust_yes
law4usc,badastronomer,trust_yes
tomholtzpaleo,nasa,trust_yes
rorystoves,nasa,trust_yes
gabbybirkman,spacedotcom,trust_yes
mad_science_guy,nasa,trust_yes
ninazamparis,nasa,trust_yes
nfigueroajr,spacedotcom,trust_yes
rappolee,nasa,trust_yes
ticsdaily,nasa,trust_yes
alimearza,nasa,trust_yes
mosestamakloe,nasajpl,trust_yes
twittermoments,nasa,trust_yes
smoothestknight,nasa,trust_yes
engryourworld,nasa,trust_yes
engryourworld,spacedotcom,trust_yes
chomifelicidade,nasa,trust_yes
issyhjg,stationcdrkelly,trust_yes
psproduct,spacedotcom,trust_yes
dragonbox,nasa,trust_yes
dragonbox,spacedotcom,trust_yes
kevinmlevy,nasa,trust_yes
malligoose,nasa,trust_yes
zacharycohn,nasa,trust_yes
scot_nature_boy,nasa,trust_yes
scot_nature_boy,nasajpl,trust_yes
robrekemeyer,nasa,trust_yes
jannabernice,nasa,trust_yes
oconnorcolette,nasa,trust_yes
davidhu72182968,nasa,trust_yes
watertrends,nasa,trust_yes
mesraiders,nasa,trust_yes
florencedrakton,nasa,trust_yes
lastmanonmoon,nasa,trust_yes
lamboholic1,nasa,trust_yes
shelbyburon,nasa,trust_yes
jneal518_neal,nasa,trust_yes
19921974,nasa_astronauts,trust_yes
19921974,nasa,trust_yes
sundhaug92,nasa,trust_yes
sundhaug92,spacex,trust_yes
kimcungtv,nasa,trust_yes
alymurray,spacex,trust_yes
john1966olsen,nasa,trust_yes
thephoenixflare,spacex,trust_yes
thephoenixflare,nasa,trust_yes
tiikgarza,nasa,trust_yes
danpx2,nasa,trust_yes
danpx2,spacex,trust_yes
unclejoe1116,spacex,trust_yes
unclejoe1116,nasa,trust_yes
toddharrisondc,nasa,trust_yes
trendrewards1,nasa,trust_yes
quixoticnance,astro_wheels,trust_yes
quixoticnance,nasa,trust_yes
quixoticnance,nasa_astronauts,trust_yes
scrubshine,nasa,trust_yes
aplusplus,spacex,trust_yes
aplusplus,nasa,trust_yes
sliztheboss,nasa,trust_yes
lucidfly,nasa,trust_yes
simoneroliver,nasa,trust_yes
judywang_,nasajpl,trust_yes
petercheong10,nasa,trust_yes
barry_corley,nasa,trust_yes
rohanpinto,nasa,trust_yes
radioxeu,nasa,trust_yes
navig_us,nasa,trust_yes
nayhamanzoor,nasa,trust_yes
annined,nasa,trust_yes
annie2488,nasa,trust_yes
oracle,nasa,trust_yes
marilinpeters,nasa,trust_yes
deplorable_ed,nasa,trust_yes
cptplanespotter,nasa,trust_yes
cptplanespotter,therealbuzz,trust_yes
cptplanespotter,rainmaker1973,trust_yes
ghdatstate,nasa,trust_yes
bigelowlab,nasa,trust_yes
adambadger,nasa,trust_yes
cinnamonlester_,nasa,trust_yes
vic_alonsoperez,nasa,trust_yes
polyman71,coreyspowell,trust_yes
polyman71,astrokatie,trust_yes
polyman71,nasa,trust_yes
curtnickisch,nasa,trust_yes
jessicacadams,nasa,trust_no
tamu,nasa,trust_yes
djwarrenyoung,nasa,trust_yes
pradigy,nasa,trust_yes
now__space,spacex,trust_yes
now__space,nasa,trust_yes
_absterrr,nasa,trust_yes
aristofanea,nasa,trust_yes
maurice_edmonds,nasa,trust_yes
lora7777,nasa,trust_yes
astro_physical_,nasa,trust_yes
cenecmalaga,nasa,trust_yes
artsandlectures,nasa,trust_yes
artsandlectures,stationcdrkelly,trust_yes
jeffdeherdt,nasa,trust_yes
commandermla,iss_research,trust_yes
commandermla,space_station,trust_yes
commandermla,nasa,trust_yes
dilicorne,nasa,trust_yes
rullys,nasa,trust_yes
rullys,space_station,trust_yes
craftlass,nasa,trust_yes
rosanne_sacto,nasa,trust_yes
mck_s6,nasa,trust_yes
cornerhub,spacedotcom,trust_yes
cornerhub,nasa,trust_yes
sarah_begum,nasa,trust_yes
rhettwilliam,nasa,trust_yes
blackphysicists,nasa,trust_yes
jaybirdone,nasa,trust_yes
jorgeglz00,nasa,trust_yes
jorgeglz00,esa_rosetta,trust_yes
vicentvicedo,nasa,trust_yes
urmainegirl,nasa,trust_yes
raakwork,nasa,trust_yes
raakwork,esa_rosetta,trust_yes
cynwyd5thgrade,esa_rosetta,trust_yes
cynwyd5thgrade,esa,trust_yes
cynwyd5thgrade,nasa,trust_yes
questfloorcare,nasa,trust_yes
questfloorcare,iss_research,trust_yes
comfort_y,esaoperations,trust_yes
comfort_y,nasa,trust_yes
comfort_y,esa_rosetta,trust_yes
1_gflame,nasa,trust_yes
1_gflame,nasajuno,trust_yes
1_gflame,nasa_technology,trust_yes
cosmos4u,esa_rosetta,trust_yes
olegreg42,nasa,trust_yes
sthilairelab,spacedotcom,trust_yes
wakeyamindupej,neiltyson,trust_yes
mommage8386,esa_rosetta,trust_yes
nyambose3,nasa,trust_yes
nyambose3,esa_rosetta,trust_yes
defenseintel,nasa,trust_yes
rihadan,nasa,trust_yes
rihadan,nasajpl,trust_yes
fbi,nasa,trust_yes
iitmweb,nasa,trust_yes
trixywh,nasa,trust_yes
bamit_das,nasa,trust_yes
robre62,nasa,trust_yes
peerthru,nasa,trust_yes
musicaltrees,nasa,trust_yes
fadilhamman,nasa,trust_yes
rtslabs,nasa,trust_yes
baronboehm,nasajpl,trust_yes
mcadookelly,nasa,trust_yes
debwhite,nasa,trust_yes
brotherbat,nasa,trust_yes
gammacounter,nasa,trust_yes
varon_carol,nasa,trust_yes
imnazim,nasa_astronauts,trust_yes
imnazim,nasa,trust_yes
isaacgaye,nasa,trust_yes
whyilikescience,nasa,trust_yes
whyilikescience,spacedotcom,trust_yes
stemedu_johnson,nasa,trust_yes
usembassysweden,nasa,trust_yes
birdseye1,nasa,trust_yes
letiziacaruso,nasa,trust_yes
sisteragenda,spacedotcom,trust_yes
chrislucard,nasa,trust_yes
epicroxy,nasa,trust_yes
plabbe1,nasa,trust_yes
plabbe1,space_station,trust_yes
etphonegemini,nasa,trust_yes
physorg_com,nasa,trust_yes
tanyamariev,nasa,trust_yes
aldoadastra,nasa,trust_yes
aldoadastra,astro_davids,trust_yes
aldoadastra,space_station,trust_yes
californiakara,nasa,trust_yes
peterfortna,nasa,trust_yes
caseydreier,nasa,trust_yes
fyiscipolicy,nasa,trust_yes
stiltonninja,space_station,trust_yes
stiltonninja,nasa,trust_yes
maximaxoo,nasa,trust_yes
marty_bolton,space_station,trust_yes
marty_bolton,nasa,trust_yes
wieilc,spacedotcom,trust_yes
grizzleytrubble,nasa,trust_yes
grizzleytrubble,marscuriosity,trust_yes
davelavery,marscuriosity,trust_yes
ashekulhuq,space_station,trust_yes
ashekulhuq,nasa,trust_yes
adrianginger,nasa,trust_yes
skyatnightmag,marscuriosity,trust_yes
irialouise,nasa,trust_yes
irialouise,space_station,trust_yes
neurosocialself,nasa,trust_yes
dmvanderhoof,nasa,trust_yes
mayramontrose,nasa,trust_yes
thinkin_ape,nasa,trust_yes
helloclodagh,nasa,trust_yes
spacecasper,nasa,trust_yes
awb_org,nasa,trust_yes
awb_org,astro_nicole,trust_yes
onesynam,nasa,trust_yes
andjtjoeng,nasa,trust_yes
marksan04731571,iss_research,trust_yes
marksan04731571,stationcdrkelly,trust_yes
marksan04731571,nasa,trust_yes
housescience,nasa,trust_yes
shawnleenerts,nasa,trust_yes
doctorbrijpatel,nasa,trust_yes
jbprime,dalcantonjd,trust_yes
cmcelraft,nasa,trust_yes
edierodriguez,stationcdrkelly,trust_yes
crgonzalez,nasa,trust_yes
artshumana,nasa,trust_yes
genefangirl,nasa,trust_yes
genefangirl,nasa_johnson,trust_yes
13blackangel13,nasa,trust_yes
eeg_uae,nasa,trust_yes
shuttlealmanac,nasa,trust_yes
charisgroup,nasa,trust_yes
janineingram7,nasa,trust_yes
lindyloo1979,aqua_ogriofa,trust_yes
lindyloo1979,nasa,trust_yes
rasamataz_lv,nasa,trust_yes
trinity_u,nasa,trust_yes
zezeswanson,nasajpl,trust_yes
zezeswanson,nasa,trust_yes
realkyleolbert,nasa,trust_yes
ouphyssci,marscuriosity,trust_yes
aircraftnerds,nasa,trust_yes
jonathanlhall,nasa,trust_yes
svathome,nasa,trust_yes
storybywill,universetoday,trust_yes
glytchtech,nasa,trust_yes
changeequation,nasa,trust_yes
p5umno,space_station,trust_yes
glennostrosky,nasa,trust_yes
gracetiscareno,nasa,trust_yes
stormseeker79,space_station,trust_yes
hivezine_,nasa,trust_yes
cntroversyincda,space_station,trust_yes
spacecoral,nasa,trust_yes
spacecoral,esa,trust_yes
joesibanez,nasa,trust_yes
claudiaalvaran2,nasa,trust_yes
gomez4224,nasa,trust_yes
keystounlocking,nasa,trust_yes
pillownaut,nasa,trust_yes
kurafire,nasa,trust_yes
maximodalmau,nasa,trust_yes
smittydarling,nasa,trust_yes
pc0101,iss_research,trust_yes
pc0101,stationcdrkelly,trust_yes
pc0101,nasa,trust_yes
annie2488,bryankeiiy,trust_yes
usembislamabad,nasa,trust_yes
drunken_neo,nasa,trust_yes
drunken_neo,marscuriosity,trust_yes
bricknix,nasa,trust_yes
hocochamber,nasa,trust_yes
wmckimney,astro_mike,trust_yes
wmckimney,nasa,trust_yes
its_en_not_on,nasa,trust_yes
lindyloo1979,astro_mike,trust_yes
masoomjethwa,space_station,trust_yes
masoomjethwa,nasa,trust_yes
masoomjethwa,esa,trust_yes
masoomjethwa,csa_asc,trust_yes
masoomjethwa,iss_research,trust_yes
draken50,nasa,trust_yes
0x4e0x650x6f,nasa,trust_yes
sydneysneckka,nasa,trust_yes
smoothcat,nasa,trust_yes
usgao,nasa,trust_yes
fueladdicts,nasa,trust_yes
kiss999,nasa,trust_yes
power965,nasa,trust_yes
johnsanders0,nasa,trust_yes
jorgego98249461,astroannimal,trust_yes
claudiaalvaran2,astroannimal,trust_yes
javifenoy,nasa,trust_yes
chughtaienge813,nasa,trust_yes
heyarnoldc,nasa,trust_yes
hpstan,nasa,trust_yes
lauriecantillo,nasa,trust_yes
19921974,astroannimal,trust_yes
xeni,nasakennedy,trust_yes
mikenasatir,nasa,trust_yes
robertjshoupe,nasagoddard,trust_yes
meddevcentre,nasa,trust_yes
darkparadise0m,nasa,trust_yes
annmaura,nasa,trust_yes
storyblockmedia,nasa,trust_yes
americorps,nasa,trust_yes
avramovk,nasa,trust_yes
discoveryhour,nasa,trust_yes
phibetakappa,nasa,trust_yes
ufnations,nasa,trust_yes
usveteransmag,nasa,trust_yes
mindy777,nasa,trust_yes
mindy777,space_station,trust_yes
jmuplanetarium,nasa,trust_yes
atm_husband,nasa,trust_yes
atm_husband,nasa_johnson,trust_yes
robinhicks_,nasa,trust_yes
roysimangunsong,nasa,trust_yes
maggiecort,nasa,trust_yes
sannsibble,astroterry,trust_yes
astrotek,nasa,trust_yes
mermaidcarnell,iss_research,trust_yes
mermaidcarnell,space_station,trust_yes
mermaidcarnell,nasa,trust_yes
edbailey1957,nasa,trust_yes
vabeachteach,nasa,trust_yes
minorleaguesman,nasa,trust_yes
upportunityu,nasa,trust_yes
shravansaxena,nasa,trust_yes
usambindia,nasa,trust_yes
tracy_karin,nasa,trust_yes
tracy_karin,astrowendyl,trust_yes
spaceleclerc,csa_asc,trust_yes
spaceleclerc,nasa,trust_yes
obastronomy,chabotspace,trust_yes
obastronomy,nasa,trust_yes
sylvia_opella,nasa,trust_yes
lmb_spa,nasa,trust_yes
eternal_voyager,nasa,trust_yes
micha_louis,nasa,trust_yes
heriabusufyan92,nasa,trust_yes
udaykarve,nasa,trust_yes
udaykarve,cassinisaturn,trust_yes
daaronherman,nasa,trust_yes
daaronherman,space_station,trust_yes
bis_spaceflight,esa,trust_yes
bis_spaceflight,nasa,trust_yes
lislelibrary,nasa,trust_yes
sannsibble,nasa,trust_yes
tylerfeague,nasa,trust_yes
edmatters,nasa,trust_yes
edmatters,cassinisaturn,trust_yes
dtlafave,nasa,trust_yes
sannsibble,space_station,trust_yes
misspattyx,nasa,trust_yes
engineeringcom,nasa,trust_yes
educateeng,nasa,trust_yes
stampydragon,nasa,trust_yes
the_real_isamar,nasa,trust_yes
imam_a_siddique,nasa,trust_yes
imam_a_siddique,nasa_astronauts,trust_yes
ageekmom,nasa,trust_yes
exeteruninews,nasa,trust_yes
gabeberto57,nasa,trust_yes
licholding,nasa,trust_yes
happynestmegi,nasa,trust_yes
avramovk,cassinisaturn,trust_yes
dannytheinfidel,nasa,trust_yes
dannytheinfidel,space_station,trust_yes
misterhw,nasa,trust_yes
feonixforever,nasa,trust_yes
feonixforever,cassinisaturn,trust_yes
comicbooknerd23,nasa,trust_yes
nehayadav2058,nasa,trust_yes
spacecenterhou,astro_mike,trust_yes
rinchenmtp,nasavoyager,trust_yes
sannsibble,esa,trust_yes
sannsibble,astro_alex,trust_yes
nicharsh,nasa_johnson,trust_yes
nickfalacci,nasa,trust_yes
19921974,marscuriosity,trust_yes
prishkachu,nasa,trust_yes
rieinspire,nasa,trust_yes
ilovemarsfans,therealbuzz,trust_yes
eusapient,nasa,trust_yes
lorimoreno,nasa,trust_yes
oetkb2,nasa,trust_yes
v_septembre,nasa,trust_yes
selvynk,nasa,trust_yes
therealdjflux,nasa,trust_yes
therealdjflux,astropeggy,trust_yes
ouachitaways,nasa,trust_yes
ouachitaways,space_station,trust_yes
iss_casis,space_station,trust_yes
iss_casis,iss_research,trust_yes
lomhow1234,nasa,trust_yes
lomhow1234,nasa_astronauts,trust_yes
brooklynweaver,nasa,trust_yes
reinepsy,nasa,trust_yes
27chips,nasa,trust_yes
posco69,space_station,trust_yes
posco69,nasa,trust_yes
dreducacion,nasa,trust_yes
jenoconnell,nasa,trust_yes
astromicerule,spacex,trust_yes
donalddjl,nasa,trust_yes
squasherg,nasa,trust_yes
tentivetodetail,nasa,trust_yes
mattpegram,nasa,trust_yes
callyra,nasa,trust_yes
edisonawards,nasa,trust_yes
jorgeglz00,ellenstofan,trust_yes
coloradonewsccm,nasa,trust_yes
mighty_humanzee,nasa,trust_yes
nasakepler,nasa,trust_yes
dara2c,nasa,trust_yes
jeffdsalisbury,exploreplanets,trust_yes
jeffdsalisbury,spacedotcom,trust_yes
holygoat_420,nasa,trust_yes
r_sharrock,nasa,trust_yes
skankbones,nasa,trust_yes
studiokca,nasajpl,trust_yes
lsullivan,astropeggy,trust_yes
lsullivan,nasasocial,trust_yes
lsullivan,nasa,trust_yes
sp_johnsullivan,nasa,trust_yes
raverfrom95,nasa,trust_yes
saber_smith,nasa,trust_yes
saber_smith,space_station,trust_yes
jorgego98249461,space_station,trust_yes
epbock,nasa,trust_yes
koz_99,nasa,trust_yes
surfsidesams,nasa,trust_yes
surfsidesams,space_station,trust_yes
orbitalatk,nasa,trust_yes
jstephengagnon,nasa,trust_yes
restlessone14,nasa,trust_yes
aims600doc,nasa,trust_yes
aims600doc,nasa_orion,trust_yes
nasa360,space_station,trust_yes
cheriedlyon1,nasa,trust_yes
needimages,nasa,trust_yes
whybankcollapse,nasasocial,trust_yes
whybankcollapse,space_station,trust_yes
lwaltzing,nasa,trust_yes
duckhunter9090,nasa,trust_yes
duckhunter9090,space_station,trust_yes
h_t_adams,therealbuzz,trust_yes
h_t_adams,nasa_johnson,trust_yes
h_t_adams,astro_kate7,trust_yes
lilcuriouscatt,nasa,trust_yes
sanchiaalasia,nasa,trust_no
tlaustin,space_station,trust_yes
tlaustin,nasa,trust_yes
tlaustin,nasahqphoto,trust_yes
smartvedha,nasa,trust_yes
slyfoxninja,nasa,trust_yes
heywerner59,astro_mike,trust_yes
allisonkkelly,nasa,trust_yes
uglyfossils,nasa,trust_yes
rajkvx,nasa,trust_yes
eclark1946,nasa,trust_yes
jorgeglz00,nasa_astronauts,trust_yes
jennikeleher1,nasa_astronauts,trust_yes
jennikeleher1,nasa,trust_yes
isaacvollmer,nasa,trust_yes
nmarascio,nasa,trust_yes
cindyrourke23,nasa,trust_yes
oo2112,nasa,trust_yes
oo2112,space_station,trust_yes
bryanbriggs6,nasahqphoto,trust_yes
bryanbriggs6,nasa,trust_yes
gracieruiz,nasa,trust_yes
jgoku18,nasa,trust_yes
easysun_power,nasa,trust_yes
mrsgyde,nasa,trust_yes
spaceflightins,nasa,trust_yes
miss_space_geek,nasa,trust_yes
uppitynycupcake,nasa,trust_yes
addisonryan,nasa,trust_yes
addisonryan,space_station,trust_yes
scaley_jencen,nasa,trust_yes
t_dubs82,nasa,trust_yes
ruthspiro,nasa,trust_yes
to_the_breach,nasa,trust_yes
redidbull,nasa,trust_yes
redidbull,space_station,trust_yes
skiestercfi,nasa,trust_yes
kneazleknickers,nasa,trust_yes
kneazleknickers,space_station,trust_yes
livn2lo19,nasa,trust_yes
livn2lo19,space_station,trust_yes
psutympany,nasa,trust_yes
comfort_y,space_station,trust_yes
jess_walker,nasa,trust_yes
kuppachiravi,nasa,trust_yes
kuppachiravi,space_station,trust_yes
mamtajain4215,nasa,trust_yes
mamtajain4215,space_station,trust_yes
patf758,nasajpl,trust_yes
patf758,ellenstofan,trust_yes
patf758,nasa,trust_yes
patf758,marscuriosity,trust_yes
jaisinghessar,neiltyson,trust_yes
x_gillian_x,astro_timpeake,trust_yes
applixir,neiltyson,trust_yes
denkbots,cosmosontv,trust_yes
anjalikolachala,neiltyson,trust_yes
skywatchapps,marscuriosity,trust_yes
king_rkin279,neiltyson,trust_yes
oubey,universetoday,trust_yes
tsgz7zv3ydwqted,esa,trust_no
tsgz7zv3ydwqted,hubble_space,trust_no
djfrankieee,universetoday,trust_yes
matthewnorris82,neiltyson,trust_yes
belinsan61,astro_timpeake,trust_yes
meiklewilliam,astrokatie,trust_yes
dunlapcj,neiltyson,trust_yes
huile_de_olive,neiltyson,trust_yes
maskinjunior,neiltyson,trust_yes
cinberas,esa_rosetta,trust_yes
jrmsaunders,esa_rosetta,trust_yes
rachreneebell,neiltyson,trust_yes
discoverdonovan,neiltyson,trust_yes
raminsubzero,neiltyson,trust_yes
lotusg13,marscuriosity,trust_yes
thegatecast,neiltyson,trust_yes
krystalondesign,neiltyson,trust_yes
krystalondesign,startalkradio,trust_yes
michelelauriat,neiltyson,trust_yes
adrianf1erros,neiltyson,trust_yes
agiantjenna,neiltyson,trust_yes
disruptive55,spacedotcom,trust_yes
immortalmirco,neiltyson,trust_yes
rtdasilva3,neiltyson,trust_yes
rgesthuizen,astroduff,trust_yes
dayne_cov,startalkradio,trust_yes
leerum6,neiltyson,trust_yes
mr_james_c,astrokatie,trust_yes
mr_james_c,cassinisaturn,trust_yes
miss_lewis5,neiltyson,trust_yes
ajpearson23,astrokatie,trust_yes
ajpearson23,elakdawalla,trust_yes
tinapanossian,astrokatie,trust_yes
nancyfordephoto,astrokatie,trust_yes
beardedsavagenh,neiltyson,trust_yes
beegejohnson,esa,trust_yes
eringreeson,exploreplanets,trust_yes
astrophiz,lisaharveysmith,trust_yes
bhgross144,stationcdrkelly,trust_yes
randy00312,lkrauss1,trust_yes
astronobeads,stationcdrkelly,trust_yes
smithsk,universetoday,trust_yes
frankowluke,neiltyson,trust_yes
theiet,astro_timpeake,trust_yes
slaydott,neiltyson,trust_yes
fcojlg,neiltyson,trust_yes
ldaycalico,neiltyson,trust_yes
giftofwealth,elakdawalla,trust_yes
jamesgis,astro_davids,trust_yes
907natalie,neiltyson,trust_yes
melissa_shelley,astro_timpeake,trust_yes
andrej_gross,astrosamantha,trust_yes
sannsibble,stationcdrkelly,trust_yes
jcbreckjac,foreman_mike,trust_yes
kamla_sharbear,cmdr_hadfield,trust_yes
calminc,csa_asc,trust_yes
irondog55,cmdr_hadfield,trust_yes
irondog55,astro_timpeake,trust_yes
jaggeroriginal,neiltyson,trust_yes
margeaux_fr,stationcdrkelly,trust_yes
xadellebellex,stationcdrkelly,trust_yes
_herbbaker,astro_luca,trust_yes
robinwhitsell,nasa_astronauts,trust_no
just1fix2004,spacex,trust_yes
stwilfridsmaths,astro_timpeake,trust_yes
stwilfridsmaths,spacegovuk,trust_yes
uolnewscentre,astro_timpeake,trust_yes
uniofleicester,astro_timpeake,trust_yes
plasmarmuse,astro_sandy,trust_yes
rjmlaird,astro_timpeake,trust_yes
chrisfflyer,stationcdrkelly,trust_yes
clcwju,space_station,trust_yes
sannsibble,astro_mike,trust_yes
antarikshghosh1,astro_127,trust_yes
consultseuss,astro_andre,trust_yes
thechaosclangfa,astroterry,trust_yes
sannsibble,astro_andre,trust_yes
shasani61,astro_davids,trust_yes
shasani61,esa,trust_yes
shasani61,astro_alex,trust_yes
theobproject,astro_timpeake,trust_yes
smoroi,nmpanek,trust_yes
fionaaldridge,astro_timpeake,trust_yes
fallenstar_ana,stationcdrkelly,trust_no
bigdaddypete,astro_timpeake,trust_yes
ukspaceacademy,astro_timpeake,trust_yes
lancecaraccioli,astro_timpeake,trust_yes
carbon_flight,astro_reid,trust_yes
capitalemnews,astro_timpeake,trust_yes
jean_labbe,space_station,trust_yes
kulganofcrydee,astro_timpeake,trust_yes
davidsornberger,cmdr_hadfield,trust_yes
rocketmanjrs,space_station,trust_yes
robamorg,stationcdrkelly,trust_yes
astroperseo,universetoday,trust_yes
jgrplanets,nasajuno,trust_yes
hmns,universetoday,trust_yes
kevindavis338,spacex,trust_yes
4girlcrew,universetoday,trust_yes
4girlcrew,spacex,trust_yes
allstuffspace,spacex,trust_no
richwajda,exploreplanets,trust_yes
taustation,spacex,trust_yes
fizzbulous,esa_rosetta,trust_yes
fizzbulous,philae2014,trust_yes
mmmukalla,cassinisaturn,trust_yes
creepertrent115,drfunkyspoon,trust_yes
scottpiano1,exploreplanets,trust_yes
callyra,therealbuzz,trust_yes
windsormorning,spacex,trust_yes
craignorriscbc,spacex,trust_yes
morningnorth,spacex,trust_yes
im_ebg,spacex,trust_yes
cosmos4u,cassinisaturn,trust_yes
mrmonster911,spacex,trust_yes
rory_mg,spacex,trust_yes
emspeck,spacex,trust_yes
joseph_eilert,spacex,trust_yes
classic_thuli,spacex,trust_yes
vaidabhishek,spacex,trust_yes
orbital_decay,spacex,trust_yes
zachadams74,spacex,trust_yes
tallandtrue,spacex,trust_yes
anime_fan77,spacex,trust_yes
flndr6,startalkradio,trust_yes
rotosequence,spacex,trust_yes
doughensel,spacex,trust_yes
tsgz7zv3ydwqted,newhorizons2015,trust_yes
transcendtales,therealbuzz,trust_yes
masanorimusic,esa_rosetta,trust_yes
spacedlaw,esa_rosetta,trust_yes
tskynet,esa,trust_yes
tskynet,esa_rosetta,trust_yes
cosmos4u,elakdawalla,trust_yes
cosmos4u,chrislintott,trust_yes
cosmos4u,esa,trust_yes
algi80,elakdawalla,trust_yes
algi80,astrokatie,trust_yes
philae_ptolemy,esa_rosetta,trust_yes
vincenzoloscalz,esa,trust_yes
mnmlbit,esa_rosetta,trust_yes
mnmlbit,esa,trust_yes
askewmind,esa_rosetta,trust_yes
bp_hutch,esa_rosetta,trust_yes
bp_hutch,esaoperations,trust_yes
splinister,esa_rosetta,trust_yes
i_we_gaia,esa_rosetta,trust_yes
loubrutus,esa_rosetta,trust_yes
mattkronner,astrokatie,trust_yes
thev1nce,esa_rosetta,trust_yes
dwenius,esa_rosetta,trust_yes
thatawesometerr,spacex,trust_yes
grilled_onion,esa_rosetta,trust_yes
grilled_onion,esa,trust_yes
ocultado,esa_rosetta,trust_yes
bernhard_weyhe,esa_rosetta,trust_yes
jeanneb1962,esascience,trust_yes
jeanneb1962,esa_rosetta,trust_yes
fragraptor,esa_rosetta,trust_yes
dunn_pa,astrokatie,trust_yes
ryanmerkley,esa,trust_yes
robcwolfe,spacex,trust_yes
paxxman,esa_rosetta,trust_yes
timmermansr,esa_rosetta,trust_yes
jeev12194,neiltyson,trust_yes
lord_bung,neiltyson,trust_yes
sinkoj,esa,trust_yes
ronbaalke,exploreplanets,trust_yes
giannipetitti,neiltyson,trust_yes
kssecrets,neiltyson,trust_yes
vyomnaut,neiltyson,trust_yes
only1marcia,neiltyson,trust_yes
jon__hoff,neiltyson,trust_yes
sergey_reznik,neiltyson,trust_yes
jjuday,neiltyson,trust_yes
writertracy,cassinisaturn,trust_yes
mhs_science,cassinisaturn,trust_yes
jovanbkt,spacex,trust_yes
ploberman,spacex,trust_yes
ieeeorg,spacex,trust_yes
uoyastrosoc,neiltyson,trust_yes
uoyastrosoc,exploreplanets,trust_yes
uoyastrosoc,therealbuzz,trust_yes
uoyastrosoc,esa,trust_yes
wingdcanada,setiinstitute,trust_yes
wingdcanada,nasajpl,trust_yes
scienceatwingd,setiinstitute,trust_yes
scienceatwingd,nasajpl,trust_yes
guerillascience,esa_rosetta,trust_yes
hal9000and1,spacex,trust_yes
princecyboi,spacedotcom,trust_yes
stuartaken,universetoday,trust_yes
paul_hayslip,spacex,trust_yes
f_rodriguezjr,spacex,trust_yes
asimpleresponse,esa_exomars,trust_yes
onreact_com,universetoday,trust_yes
bernhard_weyhe,esa_exomars,trust_yes
cosmocrops,esascience,trust_yes
trassens,astrobiology,trust_yes
acecentric,spacedotcom,trust_yes
astrobiologytop,spacedotcom,trust_yes
ecroydon,drfunkyspoon,trust_yes
esfs_canada,nasa,trust_yes
chrisdmarshall,astrobiology,trust_yes
biophyskrys,nasa,trust_yes
mew19forever,astrobiology,trust_yes
gograzi,cmdr_hadfield,trust_yes
meister_art,neiltyson,trust_yes
expresstechie,nasa,trust_yes
chic4change,nasa,trust_yes
flos_ad_mare,nasa,trust_yes
interplanetypod,nasa,trust_yes
cselas,nasa,trust_yes
cselas,cassinisaturn,trust_yes
pollick_chris,nasa,trust_yes
hellobezlo,nasa,trust_yes
harrisonfinnian,nasa,trust_yes
dstephen132,nasa,trust_yes
kartikparija,nasa,trust_yes
nasahistory,nasa,trust_yes
pemcoworldair,nasa,trust_yes
fertaddei,nasa,trust_yes
peoplewcooljobs,nasa,trust_yes
piotr_wiorek,nasa,trust_yes
cary_northrop,nasa,trust_yes
cary_northrop,esa_rosetta,trust_yes
lamboholic1,esa_rosetta,trust_yes
kirstinmcewan,esa_rosetta,trust_yes
handsanfeet,nasa,trust_yes
handsanfeet,esa_rosetta,trust_yes
umakantgohatre,space_station,trust_yes
asnell620,nasa,trust_yes
aviationheritag,nasa,trust_yes
stevespaleta,nasa,trust_yes
stevespaleta,esa_rosetta,trust_yes
stevespaleta,spacedotcom,trust_yes
davidlxho,spacex,trust_yes
exor_dg,nasa,trust_yes
tcmindy,nasa,trust_yes
deepakrajgor,nasa,trust_yes
ijaz7425,nasa,trust_yes
kuldeep89815740,nasa,trust_yes
catphrodite,nasa,trust_yes
fadumzz,nasa,trust_yes
davidbsweather,nasa,trust_yes
gobusurv,nasa,trust_yes
ayeiibor,nasa,trust_yes
rubennews,nasa,trust_yes
bunting29,nasa,trust_yes
spacemonkeyluvn,nasa,trust_yes
renecc,nasa,trust_yes
pamfloresmusic,nasa,trust_yes
parkerhuse,nasa,trust_yes
wms00bowvgy3efx,nasa,trust_yes
kenleypdx,nasa,trust_yes
akhil_am_,nasa,trust_yes
space_wombat,nasa,trust_yes
zaynsmjolnir,nasa,trust_yes
ddmarketingtalk,kirkdborne,trust_yes
ddmarketingtalk,nasa,trust_yes
mallory_mack,nasa,trust_yes
pamelacayne,nasa,trust_yes
voidsebastian,nasa,trust_yes
cosmiccuttlefsh,nasa,trust_yes
charlesgare40,esa_rosetta,trust_yes
garrixhuman,nasa,trust_yes
victoria_ramen,nasa,trust_yes
steveyeasting,nasa,trust_yes
omandoriginal,nasajpl,trust_yes
nerdforaliving,nasa,trust_yes
leahazucenas,nasa,trust_yes
yoda,nasa,trust_yes
gabrielpbruce,nasa,trust_yes
mimi_ohare,stationcdrkelly,trust_yes
josiecreates,cmdr_hadfield,trust_yes
jennclitler,neiltyson,trust_yes
janetbooklady,astro_timpeake,trust_yes
alexteha,neiltyson,trust_yes
alexteha,startalkradio,trust_yes
bobsfeedback,nasa,trust_yes
richard_bruschi,nasa,trust_yes
richard_bruschi,startalkradio,trust_yes
munglooh,nasa,trust_yes
cvdevkatesakal,nasa,trust_yes
ogharit,nasa,trust_yes
traidmark,nasa,trust_yes
natashacormac,nasa,trust_yes
apeximagingmike,neiltyson,trust_yes
taylormmeredith,neiltyson,trust_yes
docnotdoctor,neiltyson,trust_yes
markpaintt,neiltyson,trust_yes
astroguyz,esa_rosetta,trust_yes
miss_bored_alot,neiltyson,trust_yes
saxopolis,elakdawalla,trust_yes
magicsanchez4,neiltyson,trust_yes
egeline1958,spacedotcom,trust_yes
ianakki07,neiltyson,trust_yes
rockandjoel,neiltyson,trust_yes
manthonybrowne,cmdr_hadfield,trust_yes
jonoabroad,nasa,trust_yes
kennymcpirate,cmdr_hadfield,trust_yes
kennymcpirate,nasa,trust_yes
marietherrien45,cmdr_hadfield,trust_yes
issaboveyou,nasa_johnson,trust_yes
issaboveyou,iss_research,trust_yes
bwgibbo333,cmdr_hadfield,trust_yes
gimamedjian,cmdr_hadfield,trust_yes
crkarla,esa,trust_yes
crkarla,space_station,trust_yes
algotechnews,spacex,trust_yes
carlaxys5,stationcdrkelly,trust_yes
jamesmoore_org,cmdr_hadfield,trust_yes
kkidsny,nasa,trust_yes
spooninspace,stationcdrkelly,trust_yes
spooninspace,shuttlecdrkelly,trust_yes
engphoto,nasa,trust_yes
engphoto,stationcdrkelly,trust_yes
engphoto,nasasocial,trust_yes
engphoto,iss_research,trust_yes
mrm0726,stationcdrkelly,trust_yes
ks_edmktg,nasa,trust_yes
hammersuit,neiltyson,trust_yes
sarahcamille95,neiltyson,trust_yes
hackerspacela,stationcdrkelly,trust_yes
lotg60,stationcdrkelly,trust_yes
dslsynth,elakdawalla,trust_yes
bosrealteolaiga,esa,trust_yes
ujs6591,esa_rosetta,trust_yes
thebutcher_st,esa_rosetta,trust_yes
tomtom28115,spacedotcom,trust_yes
funkygreencomet,esa,trust_yes
funkygreencomet,esa_rosetta,trust_yes
morningexp,esa_rosetta,trust_yes
youkenn_doit,nasa,trust_yes
longquint,nasa,trust_yes
longquint,esa,trust_yes
science_hooker,esa_caves,trust_yes
science_hooker,esa,trust_yes
science_hooker,esaoperations,trust_yes
amylia80,neiltyson,trust_yes
heinrichalberts,neiltyson,trust_yes
alexbiebricher,eso,trust_yes
spac307cowboy,spacex,trust_yes
aschwortz,summer_ash,trust_yes
anissagoesrawr,neiltyson,trust_yes
thesoulfulemu,spacex,trust_yes
lilygwenya,neiltyson,trust_yes
ffff2003cn20051,neiltyson,trust_yes
korsasap,esa_rosetta,trust_yes
ripudaman_usha,esa_rosetta,trust_yes
adrianw_w,spacex,trust_yes
alastairkingon,neiltyson,trust_yes
brooklyncybele,neiltyson,trust_yes
lenalazyeye,neiltyson,trust_yes
aicsinspace,esa_rosetta,trust_yes
allensaakyan,neiltyson,trust_yes
allensaakyan,startalkradio,trust_yes
elizejackson,neiltyson,trust_yes
traumajunkie17,exploreplanets,trust_yes
fwd79,esa_rosetta,trust_yes
fwd79,philae2014,trust_yes
fwd79,esa,trust_yes
efayeme,neiltyson,trust_yes
krrrod24,neiltyson,trust_yes
teachkidsnews,csa_asc,trust_yes
_andrewgregg,neiltyson,trust_yes
ericbaize,esa_rosetta,trust_yes
pyrotasticuk,esa_rosetta,trust_yes
libertyscictr,esa_rosetta,trust_yes
sabareeshpa,astro_timpeake,trust_yes
sabareeshpa,esa_rosetta,trust_yes
casualelephant,neiltyson,trust_yes
whatdamath,spacex,trust_yes
alicia_j_burke,neiltyson,trust_yes
___missfisher,neiltyson,trust_yes
richworkzone,neiltyson,trust_yes
hermann250,badastronomer,trust_yes
madik,neiltyson,trust_yes
mal7798,neiltyson,trust_yes
marsroverdriver,spacex,trust_yes
profmike_m,scibry,trust_yes
nebogipfelwho,coreyspowell,trust_yes
msangelapacheco,therealbuzz,trust_yes
laurabaxter3,nasa,trust_no
kierandean,nasa,trust_no
meg_eastwood,nasa,trust_yes
chaosaholic,nasa,trust_no
californiiya,nasa,trust_no
c_holce,nasa,trust_no
dionadrienne24,nasa,trust_no
realindytaiis24,nasa,trust_no
realindytaiis24,space_station,trust_no
mechtwintailed,nasa,trust_no
jethrotoll,nasa,trust_no
danieljoneslee1,nasa,trust_no
captamerica1787,spacedotcom,trust_no
captamerica1787,nasa,trust_no
paul_kidk9299,cassinisaturn,trust_no
yohangerm,nasa,trust_no
yohangerm,iss_research,trust_no
yohangerm,space_station,trust_no
ashpeeweezy,nasa,trust_no
_paigemaddy,nasa,trust_no
cyberen,nasa,trust_no
lifebypierre,nasa,trust_no
stellarplanet,nasagoddard,trust_yes
spaceagenda,astrobiologynai,trust_yes
brainmaker,astrobiology,trust_yes
gpknopp,astrobiology,trust_yes
iteratedmnifold,astrokatie,trust_yes
iteratedmnifold,astrolisa,trust_yes
marsanalogues,esa_exomars,trust_yes
livingarchitect,astrobiology,trust_yes
jpmajor,astrobiology,trust_yes
nccomfort,drfunkyspoon,trust_yes
greenstemsuoy,spacegovuk,trust_yes
astronomymike,catherineq,trust_yes
erthscicarleton,nasa,trust_yes
humanoidhistory,nasa,trust_yes
ststherapies,nasa,trust_yes
poison_iveen,nasa,trust_yes
djcalla7,nasa,trust_no
faithelarue,nasa,trust_no
daryariz,nasa,trust_no
thefuckfather,nasa,trust_no
kelseyevans1411,nasa,trust_no
kaethe_butcher,nasa,trust_no
grimmly_icarus,nasa,trust_no
realesttruthsof,nasa,trust_no
yel_sales,nasa,trust_no
jaquelineza14,nasa,trust_no
nectvr,nasa,trust_no
traphikpromo,nasa,trust_no
oliviaspyra,nasa,trust_no
tomgranzzz,nasa,trust_no
therealqaisar,nasa,trust_no
matttyy_x,nasa,trust_no
sacc_daddy,nasa,trust_no
shanaduchin,nasa,trust_no
mischaparry,nasa,trust_no
thedarkestsq,nasa,trust_no
larrry_,nasa,trust_no
theillestone_,nasa,trust_no
kerouazy,nasa,trust_no
michinojosa,nasa,trust_no
gq_ds,nasa,trust_no
chalexiss,nasa,trust_no
devlishboy10,nasa,trust_no
mberwebb,nasa,trust_no
suckmy_wayne,nasa,trust_no
psdifabio,nasa,trust_no
bmas925yeah12,nasa,trust_no
f000lsg0ld,nasa,trust_no
shelbz_1997,nasa,trust_no
megsbella,nasa,trust_no
sadiyayoung,nasa,trust_no
rosieshamoon,nasa,trust_no
g333jordan,nasa,trust_no
mikey_shai,nasa,trust_no
oceonwalker,nasa,trust_no
vivianacalianno,nasa,trust_no
pyq87,nasa,trust_no
spkrshutup,nasa,trust_no
thatoneoffig,nasa,trust_no
camillezy,nasa,trust_no
nikki_muffin,nasa,trust_no
joseuzi_32,nasa,trust_no
kdaileydose,nasa,trust_no
youngkainno,nasa,trust_no
410383n719505w,nasa,trust_no
kokoalak0900,nasa,trust_no
handynsac,drshepherd2013,trust_no
handynsac,nasa,trust_no
samskit82,nasa,trust_no
fcallian,nasa,trust_no
coolblkguy,nasa,trust_no
glamretweet,nasa,trust_no
haydenmrut,nasa,trust_no
kaidaddy219,nasa,trust_no
stackshabazz,nasa,trust_no
donsean_,nasa,trust_no
semendemon25,nasa,trust_no
c_cakau,nasa,trust_no
emilymaine_,nasa,trust_no
boristhespiderr,nasa,trust_no
mrmarshallman3,nasa,trust_no
ajtweetss,nasa,trust_no
updatenewslive,nasa,trust_no
_elholmes,nasa,trust_no
imperatortruth,space_station,trust_no
imperatortruth,astro_reid,trust_no
_patrek_,nasa,trust_no
_patrek_,marscuriosity,trust_no
greennnelly,nasa,trust_no
briannacostaa,nasa,trust_no
insidertruelife,nasa,trust_no
khvdimbaye,nasa,trust_no
adit_prada,nasa,trust_no
beachy_jack,nasa,trust_no
k9rotts,nasa,trust_no
shoutingvoids,nasa,trust_no
victor17115660,nasa,trust_no
nicolesteenrod,nasa,trust_no
beneluxufo,nasa,trust_no
wozzels,nasa,trust_no
jasoncrg,nasa,trust_no
mur06067673,nasa,trust_no
popelawson2011,nasa,trust_no
megvivacious,nasa,trust_no
vipasha1999,nasa,trust_no
19jpullen68,nasa,trust_no
kamakapahinui,nasa,trust_no
sunsetsari,nasa,trust_no
dclintf,nasa,trust_no
yogabbygabbax,nasa,trust_no
jaimecook13,nasa,trust_no
7_samgrande_7,nasa,trust_no
eliz_gaskins,nasa,trust_no
urbanblisslife,nasa,trust_no
jessevlogs123,nasa,trust_no
jamia_rain,nasa,trust_no
alxxa966,nasa,trust_no
logesteele,nasa,trust_no
thischickgigi,nasa,trust_no
ipressthis,nasa,trust_no
dale_katy,nasa,trust_no
zclaor,nasa,trust_no
callummiley74,nasa,trust_no
zzahraalqahtani,nasa,trust_no
simplyalyss,nasa,trust_no
simplycinfulxxx,nasa,trust_no
kkksavannah,nasa,trust_no
jmswsr,nasa,trust_no
realninolord,nasa,trust_no
suit_kase_,nasa,trust_no
shae_best_,nasa,trust_no
carlaandrade_,nasa,trust_no
savionwright,nasa,trust_no
kiera_5sos,nasa,trust_no
shankhunt69,nasa,trust_no
themadhatter355,nasa,trust_no
midnight__music,nasa,trust_no
obeys_creek,nasa,trust_no
christineeekim,nasa,trust_no
brittfink,nasa,trust_no
rothtravo,nasa,trust_no
lstoff2,nasa,trust_no
rolljleah,nasa,trust_no
alienboy708,nasa,trust_no
peterfelth,nasa,trust_no
dtreco13,nasa,trust_no
amir_hali,nasa,trust_no
jlgnava,nasa,trust_no
jlgnava,esa_rosetta,trust_no
auntiejamamab,nasa,trust_no
rcgoodman02,nasa,trust_no
ruperthucks,nasa,trust_no
kompananzi,nasa,trust_no
eyeswide2see,nasa,trust_no
nomorelobbiest,nasa,trust_no
internatlgmr1,nasa,trust_no
lniggeling1,nasa,trust_no
chadoakhill,nasa,trust_no
tjalmere,nasa,trust_no
kevinni75074015,nasa,trust_no
regalinterloper,nasa,trust_no
regalinterloper,space_station,trust_no
ilooktwice,nasa,trust_no
_monkey_boy_,nasa,trust_no
killjoy044,nasa,trust_no
ireland_rhain,nasa,trust_no
robbofoz,nasa,trust_no
robbofoz,cassinisaturn,trust_no
jennae16_,nasa,trust_no
violet1962,nasa,trust_no
meagswins,nasa,trust_no
delozier_m,nasa,trust_no
_e0ll4a_,nasa,trust_no
infotechnologi,nasa,trust_no
juanp12_227,nasa,trust_no
gl3a99,nasa,trust_no
bikinatroll,nasa,trust_no
jamariqui2,nasa,trust_no
lazer789,space_station,trust_no
lazer789,nasagoddard,trust_no
maskulin4_life,nasa,trust_no
maskulin4_life,esa_rosetta,trust_no
misserdoodles,nasa,trust_no
misserdoodles,esa_rosetta,trust_no
red4eva71,nasa,trust_no
red4eva71,iss_research,trust_no
red4eva71,space_station,trust_no
actionb0ss,nasa,trust_no
neerovra,nasa,trust_no
devnull23,nasa,trust_no
surgpathatlas,nasa,trust_no
surgpathatlas,esa_rosetta,trust_no
whorerfilms,nasa,trust_no
golddraco_13,nasa,trust_no
bizzyblazinbudz,nasa,trust_no
arc_nu,nasa,trust_no
arc_nu,space_station,trust_no
jeaighwalker,astro_mike,trust_no
jeaighwalker,nasa,trust_no
mentestropeada,nasa,trust_no
conorivera,nasa,trust_no
yaboijose_,nasa,trust_no
nebiund,nasa,trust_no
dahk_holliday,nasa,trust_no
hashtag1o1,nasa,trust_no
thelordnoel,nasa,trust_no
mr_5h33pd06,nasa,trust_no
tallamotorsport,nasa,trust_no
ironmanindiandr,nasa,trust_no
rahulsangwan111,nasa,trust_no
garbtweeter,nasa,trust_no
d_nicee11,nasa,trust_no
iseedjustice,nasa,trust_no
kampotyler,nasa,trust_no
markgarrington,nasa,trust_no
sawdust1620,exploreplanets,trust_no
sawdust1620,nasa,trust_no
darealassassin,nasa,trust_no
tarawasjesus,nasa,trust_no
ay_strike,nasa,trust_no
