eyeswide2see,
mur06067673,Let me apologize now  Sometimes my passion rules my mouth! Not a very good Christian  But JESUS CHRIST is my savior my GOD!PLEASE open your heart to him.
insidertruelife,Phd .Hacker Profesional  la. clave para que se te cumplan los sueÃ±os..No Pedir.
eliz_gaskins,instagram: elizabeth_gaskins // 19 // fl // fsu //GDâ¤ï¸ https://t.co/1BGmUawPGT
yel_sales,Nothing to show you.
bmas925yeah12,Instagram: bmas925yeah
ktstrs_,your neighborhood fangirl ğŸ¥‚
markgarrington,
thedarkestsq,Writer  works 50+ hours a week  and fights endlessly for the innocent. Always tired but never stops dreaming. goalie for steel city Sirens dreaming big dreams.
stellarplanet,@NASAGoddard Postdoc Fellow | Physics PhD from @UniofExeter |@IOP 3 Minute Wonder Winner | @BSACDivers Instructor | Producer of The Science Hour on @XpressionFM
spkrshutup,KILLOFF'S GM.  Im say what i want on here  ITS K.O. BITCH!!!!
ilooktwice,Put some mistletoe on my ass and kiss it | International Relations & Econ grad | Law grad
dahk_holliday,Native American . #Dodgers #Lakers #NSOD #ravensnation #timberwolves #RealMadrid
marshalldeez,https://t.co/lkeTQ2LIJG
humanoidhistory,All the wonders of space and time  from ancient lands to galaxies far  far away.
alienboy708,god-fearing atheist. i am the funny girl of drag. i also do set design and wardrobe coordination. from a family of beekeepers. my momager is @tykapryde
zclaor,editor  designer  film maker  photographer; check out my website for my work . @Logic301 addict @OzzyVisuals is my second
gl3a99,Founder https://t.co/jzDqBpmGnv Glitzy.
whorerfilms,I'm bisexual cause men don't fully deserve me #fuckslutshaming ğŸ’•
coolblkguy,Born and raised in Milwaukee  Wisconsin âœŠğŸ¿
zclaor,editor  designer  film maker  photographer; check out my website for my work . @Logic301 addict @OzzyVisuals is my second
eliz_gaskins,instagram: elizabeth_gaskins // 19 // fl // fsu //GDâ¤ï¸ https://t.co/1BGmUawPGT
ktstrs_,your neighborhood fangirl ğŸ¥‚
gl3a99,Founder https://t.co/jzDqBpmGnv Glitzy.
insidertruelife,Phd .Hacker Profesional  la. clave para que se te cumplan los sueÃ±os..No Pedir.
stellarplanet,@NASAGoddard Postdoc Fellow | Physics PhD from @UniofExeter |@IOP 3 Minute Wonder Winner | @BSACDivers Instructor | Producer of The Science Hour on @XpressionFM
dahk_holliday,Native American . #Dodgers #Lakers #NSOD #ravensnation #timberwolves #RealMadrid
ilooktwice,Put some mistletoe on my ass and kiss it | International Relations & Econ grad | Law grad
bmas925yeah12,Instagram: bmas925yeah
yel_sales,Nothing to show you.
mur06067673,Let me apologize now  Sometimes my passion rules my mouth! Not a very good Christian  But JESUS CHRIST is my savior my GOD!PLEASE open your heart to him.
spkrshutup,KILLOFF'S GM.  Im say what i want on here  ITS K.O. BITCH!!!!
marshalldeez,https://t.co/lkeTQ2LIJG
markgarrington,
whorerfilms,I'm bisexual cause men don't fully deserve me #fuckslutshaming ğŸ’•
humanoidhistory,All the wonders of space and time  from ancient lands to galaxies far  far away.
eyeswide2see,
thedarkestsq,Writer  works 50+ hours a week  and fights endlessly for the innocent. Always tired but never stops dreaming. goalie for steel city Sirens dreaming big dreams.
coolblkguy,Born and raised in Milwaukee  Wisconsin âœŠğŸ¿
alienboy708,god-fearing atheist. i am the funny girl of drag. i also do set design and wardrobe coordination. from a family of beekeepers. my momager is @tykapryde
mckenzierc,
boristhespiderr,....
kiera_5sos,Of All The Sinners You're First In Line ! So Go To Hell And Tell The Devil Im Not That Far Behind
jaquelineza14,Houston  I have so many problems
shankhunt69,
themadhatter355,Constitutionalist American Gulf War Vet.Our Constitution was made only for a moral and religious people. It is wholly inadequate to the government of any other.
sawdust1620,
nomorelobbiest,
alpha_chung,Zero emotion  Muted emotion!   R.I.P Brice ... R.I.P Raddy ... #LakersNation
popelawson2011,trained to kick balls / nasty woman
larrry_,girls just wanna have fundamental rights âœŒï¸
bikinatroll,nigerian  vegan  biology graduate  never knowingly under god  not a troll  just yer average fun lovin' soya baby eater
nectvr,Celestial Sun Goddess.
thatoneoffig,Do I have to??
khvdimbaye,K-MBAYE
mrmarshallman3,Professional Picture Straightener and served in the Grammar Gestapo.
_monkey_boy_,
camillezy,
hashtag1o1,Retweets and favs mean  whatever I want them to mean.. Keep Tweeeetttttoooing
urbanblisslife,#Food + #Wine + #Travel writer + recipe developer & photographer. Social media strategist + designer. Mom. https://t.co/X5t2PQjCTj
f000lsg0ld,18
glamretweet,occasional giveaways :) use the code GLAMOUR10 at @tarabusicreek for 10% off your order!
midnight__music,Can i go back to bed now and continue my fanfiction?
ajtweetss,
obeys_creek,
thelordnoel,Enjoying life on
golddraco_13,Artist  Programmer  Inventor  Teacher!
callummiley74,just your normal guy
zzahraalqahtani,You never know which good deed could be your ticket to Jannah. | #Adoomy #Fahati #Sladam â¤ï¸ #BRENNENATOR
simplyalyss,probably sleeping
peterfelth,
nikki_muffin,Nurse. PCM Resurrection. US trials champion. '15 Worlds bronze medalist. MSSSS forever. Insta: nikki_muffin
christineeekim,207
spaceagenda,Space  Defense  Telecom and Aviation  related events calendar. Our companyâ€™s service contributes to connecting people in the aerospace and science communities.
jamariqui2,
lazer789,The truth will set you free. When you're ready to quit  you're closer than you think. There's always a reason to smile.
mr_5h33pd06,Certain special people  who watch over the rest of the people The sheep. Sheepdogs prevent the 'wolves' or bad people/things from hurting the sheep. #Anonymous
darealassassin,ğŸ‘‘I am .. Me âœ¨Branding/Marketing/Promoter | XXX ğŸ¥ | Dancer/Choreographer | Graphic Designer| Est. 1993
engramer786,I'm nt Shia r Sunni  I'm Jst Muslim  Jst following Quran-E-Pak & Sahi Ahadees.   I'm nt Sindhi  Balochi  Punjabi  Pakhton  Balati r Kashmiri  bt Jst a Pakistani
bizzyblazinbudz,Expose Lies  Defending The #2A & #PedoHunter #CheckinHeartsAndCallinOutMarks 100% #PeckerWood Mad Skillz N Da Ancient Art Of Truth #TellTheTruthAndShameTheDevil
megvivacious,Glitter Fanatic | Sushi obsessed | Art Enthusiast | Rugby Forward | All American Gal
theillestone_,â€¢94 Baby â€¢IGğŸ“¸the_illest714 â€¢SCğŸ‘» illestem
dtreco13,Obsessed with film  tv  social media  and baking. Work at the film and education nonprofit: @jbfc_ny. Opinions are my own.
killjoy044,wow I can't believe I invented complaining
haydenmrut,
arc_nu,legal research analyst/Natural Rights Advocate/Philosopher
ststherapies,We offer a professional  safe and confidential place were we can help improve your Psychological Health and Wellbeing for Individuals and Business
kaidaddy219,PHS ğŸ‡ºğŸ‡¸ğŸ‡¨ğŸ‡ºğŸ‡©ğŸ‡ªğŸ‡²ğŸ‡½ğŸ‡ªğŸ‡¸ EspÃ­ritu Libre. Jason and Montes :') 7:56 ğŸŒˆ https://t.co/WqjnwwpcpD
maskulin4_life,
simplycinfulxxx,
updatenewslive,
misserdoodles,
ireland_rhain,gemini \ best&worst / CoolGirl â„¢ living4now&4me https://t.co/VLNAW79sEf
robbofoz,
brainmaker,Wake up wild and circumnavigate.
tallamotorsport,I have to return some video tapes. Frat Teacher: respectable by day  despicable by night. I score a 30 on the Hare Psychopathy checklist.
kerouazy,Bury me at Makeout Creek
joseuzi_32,#Dallascowboys @marlene_5169 â¤
bradleycouch,au '21
traphikpromo,MikeTraphik promotions. We are here to promote u. download and retweet links for follows. follow @ItsYoNiggaTraph for follows #Snapchat: KingTraphik
brittfink,
gold911lex,
kent1084,
internatlgmr1,29 year old College student w/ Aspergers Syndrome.  Prefer old school music over today's. I am a gamer & a spiritual person.
red4eva71,45 years an atheist but got visited by our Lord Jesus Christ to warn you the end of days is near. Search the truth  question everything
kkksavannah,Add me on these.â¡ï¸ Snapchat:nylahh9 Musical.ly:savannahkkk
jmswsr,hey yourself
adit_prada,Once a GOONER  Always a GOONER.
amir_hali,human just like yourself  witnessing hell on earth. wake up. don't believe in the lies of media. Islam is peace. respect each other.
jennae16_,interested in everything  committed to nothing #blacklivesmatter #protecttranslives #LGBTQ
shelbz_1997,Clear Eyes  Full Hearts  Can't Lose                     GC Stateâ€¢ BNC Go VikingsğŸ’›ğŸ’š ğŸ‡¨ğŸ‡¦ğŸ‡¨ğŸ‡¦ğŸ‡¨ğŸ‡¦
vipasha1999,Ranting about the teenage years.                                           Instagram- idkman_vipi
oliviaspyra,
rothtravo,33% American 33% Canadian 33% Awesome 1% Crazy. Lets get weird  eh?!
_ramenpapi,22. vlonelifestyle. Views are my own. @LFC
baby_fruitcake,
jessevlogs123,obsessed with @trevormoran Go buy #GMTTN https://t.co/FeAimHmnzV love you Trevor TREVOR FOLLOWED 9/23 ğŸ³ï¸â€ğŸŒˆ
realninolord,Music Artist & Entrepreneur ğŸ‘» NinoLord83 ... #RulerNation contact via Dm or NationsLordmgmt@gmail.com
lniggeling1,
elemcy81,Dislikes: Myself.
tarawasjesus,The I AM (satan) & Gerard Butler X girly clones (women) are the traitors who plot to melt male spinor angels on earth into lasers for another BIG BANG.
stackshabazz,SnapChat-CartoonGoon...Remember  if we get caught you don't know me
ironmanindiandr,Health and Education for all through female literacy-&-be confident and stand up even at Ur failures-world will stand in front of you...
actionb0ss,Kindness is my jam. Husband. WifeHaver. Monogamy.
jeaighwalker,
michinojosa,sorry
mentestropeada,Soy tatatatatara nieto y tatatatatara abuelo de Leonardo Da Vinci a la vez. Alter ego artist â¡ â¡ â¡ @knowtylus
19jpullen68,love rock metal blues music especially AC/DC Black Sabbath Metallica GnR iron maiden MotÃ¶rhead airbourne Laurence jones Joanne shaw Taylor. Villa fan F1 fan.
beachy_jack,Jeremias 23:3
ay_strike,
premjhajnp,Supporter of International Socialism IS
chadoakhill,The world as you know it is a lie. The flat earth is real  and nasa is covering it up #flatearth #nasacoverup. Follow me and I will #followback
lstoff2,In the dark there may be fear  but there is also hope.
tjalmere,Humor  Direct  Anti religie. Anti islam  Anti EU  Ik zeg wat ik vind  dus vind ik ook wat ik zeg. Tegen onrecht. Anti Koningshuis. Hardcore Vaper.
donsean_,ğŸŒ´sland Boyz | DrillağŸ¤Boyz
kdaileydose,Enjoys independent coming of age stories | Big â¤ï¸â€¢ hot head â€¢ ğŸš«non#gluten & ğŸš«non-animal eater |Found influencing others & #recruiting #salespeople | #Ca #Wa
jamia_rain,QUESTION EVERYTHING; Logic  Common Sense  Research  and Observation to seek TRUTH. Know your ENEMY; EXPOSE the wicked. [[[[[ EPHESIANS 5:11 ]]]]]
k9rotts,PROUD Infidel  NO FILTER â¤ï¸Jesus Family Country NRA Pro-Israel Pro-Life NO PLASTIC PEOPLE NOT PC! #WomenForTrump #MAGA
artbulla,The Revelations of Jesus Christ  volume of revelations published.
youngkainno,20.... #SCBDğŸ¤’
_elholmes,#LongLiveDaleDoe #LongLiveKemJugg Fayette  MO. CMU. Î‘Î¦Î“
megsbella,I'm a girl who loves video games  comics  altrock  and beerrocks. I am a ginger  I live for walffels and eggs well anything to do with breakfast:)
violet1962,Contesting Fanatic - Mom of 5  Works full time
rahulsangwan111,Peace cannot be kept by #Force# it can only be achieved by #Understanding#ğŸ˜ŠğŸ˜ŠğŸ˜Š (Athiest)
jlgnava,investigacion acerca del sistema solar origen y funcionalismo desde 1970-2000.descubri teoria denominada ley de coherencia universal.la verdad del sistema solar
tomgranzzz,just fuck me up fam. parody account
garbtweeter,PHD on Hitler studies at Yakima Tech. Expert on the Atheism religion and debunking truths behind Hitler's religion.
neerovra,You don't know me. You don't want to know me. If you knew me you wouldn't like me  trust me. BTW don't trust me.
poison_iveen,Human. (well...)
djcalla7,You said you wanna come and get a thaaangg ğŸ¶
suit_kase_,
alxxa966,â€»SPIRITUALxGANGSTER. â–²â–¼â™Š
faithelarue,king of carrot flowers
gpknopp,specialty: N-dimensional tensor mathematical thermodynamic information dynamics models applied to complex natural systems.
gq_ds,im bye! plug!
shae_best_,I am a nice funny friendly person and I   always enjoy putting smiles on people faces
carlaandrade_,20 // ğŸ‡²ğŸ‡½
kamakapahinui,It takes courage to face the ugly truth  stay conscious  and be positive without being in denial. I count my blessings daily in the face of adversity.
d_nicee11,
sunsetsari,
devnull23,**removed**
iteratedmnifold,Physics/math//astronomy/love baseball/love reading. I'm so slashy  I played at Coachella with Axl Rose.
auntiejamamab,shhhawee shhhhawee she wee sha wee zzzzz
shoutingvoids,smooth seas don't make good sailors
sadiyayoung,'Officer  why do you have 2 batons?'
logesteele,was that dramatic??
therealqaisar,shs
daryariz,sweet little baby in a world full of pain. https://t.co/V4PuLkBWwF ask me if I care
conorivera,
red777star,
marsanalogues,From Earth to Mars  towards understanding better the red planet habitability.
rcgoodman02,Rest in Peace Tayquan| Instagram: rc_goodman| Springfield Raised|Framingham State Univ. Baseball #4 //sc: goodmanrc//
yaboijose_,
imperatortruth,Researcher  journalist  media & music analyst  truth seeker  ice hockey  #AnonStig. Author of #TheLostTruth. Exposing the illuminati  Anonymous  Expect Us...
livingarchitect,Professor of Experimental Architecture: Black Sky Thinker. Explore the Black Sky at http://t.co/3hjFLQZDZd
410383n719505w,starving hysterical naked
rolljleah,{sophomore @ shhs} snapchat: ljroll
traytorkgb,
nebiund,à¥â™ï¸ã„£âƒ’ The heart that gives  gathersâ˜„IG:neblund
surgpathatlas,THIS IS NOT NORMAL.  John Oliver
kevinni75074015,Christian constitutional #Crusaders; Married father of 4 #homeschool; #1A #2A  #PROLIFE #CCOT; kill jihadists deport Islamists; peace-strength #justwar #PBUH
bbeccagriffin,gemini
savionwright,Music has a blissful iridescence. Singer-Songwriter. I Feel (On Top of the World) ğŸŒ out NOW on all music platforms!
chalexiss,Free Mind | 18.
iseedjustice,i am revenge of the watchers that idle by the side of no hope and all fear
semendemon25,
kampotyler,puns...
dclintf,partner. doggy daddy. vocalist. hard worker. lover  but a fighter for what is necessary  always.
c_cakau,Play
rosieshamoon,Libraâ™ï¸
meagswins,Mom to an amazing little girl  she is my world!  Currently working on my electrical apprenticeship.
_patrek_,Im cool because I know something you dont!
greennnelly,â€¢2âƒ£3ï¸âƒ£ â™‰â€¢
thischickgigi,
devlishboy10,grind in silence âš½ï¸
thefuckfather,Alice's Crush. Knitwear Fanatic. I take Cash  Cheques  and PayPal. also in fucked
victor17115660,my humor and brutal honesty NFL College Football Hip-Hop/Rap Gaming Science
nicolesteenrod,let me pet your dog
kokoalak0900,I love my  Parents becz they are my heaven
handynsac,I don't play the political games or pick sides our gov is corrupt it's that simple! If you are from the media  don't follow me you vile human beings.
delozier_m,Love to game  love to read books  love to ask questions  wear a tin foil hat
matttyy_x,
_e0ll4a_,-102 02:30 88% 123116
emilymaine_,i bet you kiss girls fagot
ruperthucks,I AMâ¬œWASPâ¤JEW#4TrumpâœˆPro-ISRAEL ó¾“¦1st ğŸ’’#SouthernGentleman ğŸšœ#RedNecksMatter â˜º#CPR#cabby#courierâœ‰ #CHAIRMANOFTHEBOARDâ˜•BS PSYCHOLOGYâ›„MA MGMT USCğŸ“CCUâš¾WUğŸ“ALUMNUS
kelseyevans1411,â™¡â™¡â™¡â™¡
samskit82,I'm the weirdest person ever.
g333jordan,https://t.co/tYajUsuHaE  https://t.co/2dgt4hHQux https://t.co/yOkhYCk9Yy
ipressthis,#FlatEarth is reality #Faith and #Love is all you need! Visit https://t.co/WRUNrQqRAy for memes. I re-tweet all #flatearth hashtags!
fcallian,Undergraduate Student in UniversitÃ© de Poitiers Law School. Basketball Player Fan of #NBA #NCAA #DUKE
regalinterloper,Is that all there is? If so  I'ma sleep in more.
yogabbygabbax,THS '17 || drumline  marching  jazz & swim
millieshredder,Bred to shred. Fresh to death. Salty-Sailor-Mouth. Supercalafragilisticexpialadopeshit.
beneluxufo,Benelux Ufo Disclosure project. Bernhardstraat 59  5671HW  Nuenen. Netherlands. send ur sighting to us   Also I am collect  ufo Alien stuf for me collection tnx
jaimecook13,20. Intersectional Feminist. âœ¨ğŸ’€
infotechnologi,A hunger for all things information technology related |Inner beauty never fades it's Priceless.
wozzels,
nibiruplanetx17,
jasoncrg,Co-founder @ChimeraResearchGroup. Biotech
mberwebb,fauğŸŒ¸alpha delta piğŸ’ " you're the ringleader of the circus" -my sorority advisor
briannacostaa,angelika '01
sacc_daddy,Firebrand. Saboteur. Recluse.                            TourÃ© retweeted me once!
jpmajor,(Basically me but #resisting.) Space. Planets. NASA. Science. Rocketry. Astronomy. Democracy. Atheism. Humanism. Environmentalism. Coffee. #ScienceNotSilence
shanaduchin,by the ocean
7_samgrande_7,#honeymoontour 3-26-15 & 7-26-15 @JoshuaDtown  @ballingerfamily & @GloZell @ColleenB123 @mirandasings follows ----SC: samgrande77   -MUA in the Making-
suckmy_wayne,#getmoneyandstayouttheway sc: fvckwayne. Xbox: WaynesWorld6274
dale_katy,FAU | self-proclaimed sports analyst
mikey_shai,Law Student. Lifestyle Photographer. BeyoncÃ©.
kaethe_butcher,Love To Draw Lovely Girls
juanp12_227,Viajero en el tiempo. Analizando la sociedad del s. XXI
mischaparry,Tranmere Rovers season ticket holder  Supporters Club & Trust member.  Also Micky Mellon's brother....apparently
kompananzi,motto is FAITH is not religion! & not all that glitters is gold  if you seek TRUTH if you seek ALMIGHTY YAH with all your hearth HE will find you and show TRUTH
grimmly_icarus,DC beats Marvel. Enjoys referring to himself in the third person. dislikes the concept of time. Scarf Boy! Loves a bit of anime.His Name is Rubin.
nccomfort,Historian of science/medicine @JHmedicine. Genetics  eugenics  origin of life  wordplay  the odd tattoo...
realesttruthsof,Martyr. wit personified. Le(g)o my eg(g)oâ™Œï¸ğŸŒ˜â™ï¸ğŸŒŒ. Writer. storyteller. peace is for hippies.ğŸ‘½lilburn-stn mtn Ga. fishermanâ¿ğŸ”¯369â›11:13 ğŸ¡ğŸš¼ğŸ­ğŸ—¿ğŸŒ³.ğŸ£
psdifabio,Hurtling through space | Producer @TheSCIFPodcast | Viva La RÃ©sistance | â™
heyheymalloraay,It's all good. âœ¨ğŸŒŠğŸŒ 19â€¢RICâ€¢Virgo â™ï¸
oceonwalker,i ran really far away hoping to get some peace of mind
vivianacalianno,pre med
greenstemsuoy,Connecting sustainable STEM+Social scientists at @UniOfYork. Tweets by Aritha Dornau @Aritha_D andPhil Brailey @pabrailey
astronomymike,Amateur astronomy from the Southern Hemisphere.
pyq87,Pit master and owner of #MTrainBBQ I dont dream In fantasy only In future reality. EMAIL: SMKPROMO999@gmail.com
erthscicarleton,The Department of Earth Sciences  Carleton University
