cosmocrops,nasa,aiaspeaks,andrewintech,astro_mike,astrobiologynai,astrolisa,badastronomer,bis_spaceflight,boeingdefense,caseydreier,claramoskowitz,davidweaver,drphiltill,elakdawalla,esa,esa_exomars,esaoperations,esascience,exploreplanets,genewiz,hirise,igem_leiden,isee3reboot,iss_casis,iss_research,lanzatech,marsanalogues,marscuriosity,marsinstitute,marsoneproject,marstoday,martiansoil,maven2mars,mrmonster911,nanoracks,nasa_johnson,nasa_technology,nasaames,nasaclimate,nasajuno,nasakennedy,naturenews,openscience,oz1sej,philae2014,phylogenomics,physorg_com,planetarysci,ryanbethencourt,sciencenews,sciencenordic,shuttlecdrkelly,space_station,spacecentre,spacecom,spacedork84,spacefoundation,spaceindnews,spacenews_inc,spacex,stationcdrkelly,tariqjmalik,themarsgen,themarssociety,therealbuzz,thespacegal,timmermansr,voicelikeariot_
cosmocrops,neiltyson,aiaspeaks,andrewintech,astro_mike,astrobiology,astrolisa,badastronomer,boeingdefense,caseydreier,claramoskowitz,elakdawalla,esaoperations,esascience,exploreplanets,igem_leiden,isee3reboot,iss_casis,marscuriosity,marsoneproject,martiansoil,maven2mars,mrmonster911,nasa_technology,nasaames,nasaclimate,nasajuno,naturenews,oz1sej,ryanbethencourt,sciencenews,shuttlecdrkelly,space_station,spacecentre,spacecom,spacedork84,spacefoundation,spaceindnews,spacenews_inc,spacex,stationcdrkelly,tariqjmalik,themarssociety,therealbuzz,thespacegal,voicelikeariot_
arielanbar,nasa,astrobiologynai,bharat9848,drfunkyspoon,frontearthsci,georgetakei,ldmay,marsroxal,profabelmendez,smoroi
nasa,arielanbar,astrobiologynai,bharat9848,drfunkyspoon,frontearthsci,georgetakei,ldmay,marsroxal,profabelmendez,smoroi
nasa,cosmocrops,aiaspeaks,andrewintech,astro_mike,astrobiologynai,astrolisa,badastronomer,bis_spaceflight,boeingdefense,caseydreier,claramoskowitz,davidweaver,drphiltill,elakdawalla,esa,esa_exomars,esaoperations,esascience,exploreplanets,genewiz,hirise,igem_leiden,isee3reboot,iss_casis,iss_research,lanzatech,marsanalogues,marscuriosity,marsinstitute,marsoneproject,marstoday,martiansoil,maven2mars,mrmonster911,nanoracks,nasa_johnson,nasa_technology,nasaames,nasaclimate,nasajuno,nasakennedy,naturenews,openscience,oz1sej,philae2014,phylogenomics,physorg_com,planetarysci,ryanbethencourt,sciencenews,sciencenordic,shuttlecdrkelly,space_station,spacecentre,spacecom,spacedork84,spacefoundation,spaceindnews,spacenews_inc,spacex,stationcdrkelly,tariqjmalik,themarsgen,themarssociety,therealbuzz,thespacegal,timmermansr,voicelikeariot_
neiltyson,trassens,airandspace,amermathsoc,arstechnica,asteroidwatch,astrobiology,astrorobonaut,berkeleylab,bi_science,bigthink,boeingdefense,businessinsider,cassinisaturn,cnn,commercial_crew,dw_scitech,edncom,esa_history,esaoperations,esascience,eso,exploreplanets,hubble_space,inl,iss_casis,lro_nasa,marscuriosity,marsrovers,maven2mars,nasa_appel,nasa_dawn,nasa_marshall,nasa_orion,nasa_sti,nasa_technology,nasaames,nasablueshift,nasaclimate,nasagoddard,nasahistory,nasahqphoto,nasajpl,nasajuno,nasakepler,nasasolarsystem,nasaspinoff,nasasunearth,nasavoyager,nasawebb,naturenews,newhorizons2015,novapbs,nsfvoyager2,orbitalatk,pbsteachers,popsci,sciencemuseum,scifri,setiinstitute,sofiatelescope,space_station,spacedotcom,spacex,startalkradio,tumblr,ulalaunch
neiltyson,cosmocrops,aiaspeaks,andrewintech,astro_mike,astrobiology,astrolisa,badastronomer,boeingdefense,caseydreier,claramoskowitz,elakdawalla,esaoperations,esascience,exploreplanets,igem_leiden,isee3reboot,iss_casis,marscuriosity,marsoneproject,martiansoil,maven2mars,mrmonster911,nasa_technology,nasaames,nasaclimate,nasajuno,naturenews,oz1sej,ryanbethencourt,sciencenews,shuttlecdrkelly,space_station,spacecentre,spacecom,spacedork84,spacefoundation,spaceindnews,spacenews_inc,spacex,stationcdrkelly,tariqjmalik,themarssociety,therealbuzz,thespacegal,voicelikeariot_
neiltyson,arielanbar,bharat9848,drfunkyspoon,georgetakei,ldmay,marsroxal,profabelmendez
trassens,nasa,3dprintindustry,airandspace,airbusds,amermathsoc,apod,arstechnica,artofastronomy,asteroidwatch,astrobiologynai,astrorobonaut,berkeleylab,bi_science,bigthink,boeingdefense,buffer,businessinsider,cassinisaturn,cbsnews,ces,cnet,cnetnews,cnn,cnni,cnntech,commercial_crew,drbiden,dw_scitech,dwnews,edinburghuni,edncom,esa,esa_exomars,esa_history,esa_rosetta,esaherschel,esaoperations,esascience,eso,exploreplanets,foxnewsvideo,gizmodo,hirise,hubblescience,ibm,ibmresearch,ieeeorg,inl,iss_casis,iss_research,llmrt3,lro_nasa,marscuriosity,marsrovers,marstoday,maven2mars,miamitodaynews,mims,nasa_appel,nasa_astronauts,nasa_dawn,nasa_johnson,nasa_marshall,nasa_orion,nasa_sls,nasa_sti,nasa_technology,nasa_wallops,nasaames,nasablueshift,nasaclimate,nasaedu,nasaglenn,nasagoddard,nasahistory,nasahqphoto,nasajpl,nasajuno,nasakennedy,nasakepler,nasasocial,nasasolarsystem,nasaspinoff,nasastennis,nasasunearth,nasavoyager,nasawebb,naturenews,newhorizons2015,northropgrumman,novapbs,nsfvoyager2,onthisdayinmath,oracle,orbitalatk,osirisrex,pbsteachers,pcmag,penguinrandom,philae2014,physorg_com,popsci,sciencemuseum,scifri,setiinstitute,shuttlestation,simonlporter,sofiatelescope,space,space_station,spacedotcom,spacex,startalkradio,techrepublic,tumblr,ulalaunch,umich,unfccc,usagov,wef
nasa,trassens,3dprintindustry,airandspace,airbusds,amermathsoc,apod,arstechnica,artofastronomy,asteroidwatch,astrobiologynai,astrorobonaut,berkeleylab,bi_science,bigthink,boeingdefense,buffer,businessinsider,cassinisaturn,cbsnews,ces,cnet,cnetnews,cnn,cnni,cnntech,commercial_crew,drbiden,dw_scitech,dwnews,edinburghuni,edncom,esa,esa_exomars,esa_history,esa_rosetta,esaherschel,esaoperations,esascience,eso,exploreplanets,foxnewsvideo,gizmodo,hirise,hubblescience,ibm,ibmresearch,ieeeorg,inl,iss_casis,iss_research,llmrt3,lro_nasa,marscuriosity,marsrovers,marstoday,maven2mars,miamitodaynews,mims,nasa_appel,nasa_astronauts,nasa_dawn,nasa_johnson,nasa_marshall,nasa_orion,nasa_sls,nasa_sti,nasa_technology,nasa_wallops,nasaames,nasablueshift,nasaclimate,nasaedu,nasaglenn,nasagoddard,nasahistory,nasahqphoto,nasajpl,nasajuno,nasakennedy,nasakepler,nasasocial,nasasolarsystem,nasaspinoff,nasastennis,nasasunearth,nasavoyager,nasawebb,naturenews,newhorizons2015,northropgrumman,novapbs,nsfvoyager2,onthisdayinmath,oracle,orbitalatk,osirisrex,pbsteachers,pcmag,penguinrandom,philae2014,physorg_com,popsci,sciencemuseum,scifri,setiinstitute,shuttlestation,simonlporter,sofiatelescope,space,space_station,spacedotcom,spacex,startalkradio,techrepublic,tumblr,ulalaunch,umich,unfccc,usagov,wef
